Параметры займа,,,,,,,Факторы,,,,,,,,,,,,,,,,,,,,,
Loan issued,Рейтинг,"Comission, %",Earned interest,"Unpaid,  full amount",EL,,учредителю подсказывают / на ВИ другой человек,"На ВИ присутствует ""сотрудник"", в тч за кадром, который отвечает на вопросы","""Сотрудник"" отвечает на вопросы. ГД/учредитель молчит или отвечает редко.",В компании была смена учредителя,учредитель женщина,Первое ЮЛ,Выручка компании в первый год > 30 млн.,Текущее ЮЛ основано до 30 лет,КИ учредителя < 1 млн,Не знает объем выручки,Не знает ФОТ,Не знает контрагентов,"Не знает наценку (рентабельность, прибыль)","Не знает кредиторов ), в тч объем обязательств",Нерелевантный опыт работы,Нелогичный выбор сферы бизнеса,За ответом на вопросы 10-14 просит обратиться к сотруднику,Данные предоставленные заемщиком разнятся с действительностью > 50%,"Есть ""партнер"", который официально не оформлен","Не потребовалось денег для начала бизнеса, тк были договоренности с поставщиками","Офис находится в здании партнера/друга/родственника, аренду не платит.",Заемщик от партнера и был подготовлен к ВИ
3 170 000 ₽,7,"5,30%",211 051 ₽,862 850 ₽,"1,50%",,0,0,0,0,0,1,0,0,1,0,0,0,0,0,0,0,0,0,0,0,0,0
500 000 ₽,17,"6,50%",39 518 ₽,289 518 ₽,"10,00%",,0,0,0,0,1,1,0,1,0,0,0,0,0,0,1,1,0,0,0,0,0,0
11 600 897 ₽,9,"4,50%",537 680 ₽,9 567 386 ₽,"1,50%",,0,0,0,1,0,0,0,0,0,0,0,0,0,0,0,0,0,0,0,0,0,0
5 250 000 ₽,13,"4,50%",233 022 ₽,2 858 022 ₽,"1,50%",,0,0,0,0,0,0,0,1,0,0,0,0,0,0,0,1,0,0,1,0,0,0
3 000 000 ₽,8,"3,75%",216 485 ₽,0 ₽,"0,00%",,0,0,0,0,0,0,0,0,1,0,0,0,0,0,0,0,0,0,0,0,0,0
4 300 000 ₽,9,"6,00%",143 563 ₽,0 ₽,"0,00%",,0,0,0,0,0,1,1,0,0,0,0,1,0,0,1,0,0,0,0,0,0,0
1 000 000 ₽,16,"6,50%",69 823 ₽,741 372 ₽,"30,00%",,0,0,0,0,0,1,0,0,0,0,0,0,0,0,0,1,0,0,1,0,0,0
1 020 000 ₽,14,"6,50%",22 902 ₽,964 508 ₽,"1,50%",,0,1,0,0,0,1,0,0,0,0,0,0,0,0,1,0,1,0,0,0,1,0
6 000 000 ₽,13,"5,50%",223 228 ₽,4 446 456 ₽,"1,50%",,0,0,0,0,0,0,0,0,0,0,0,0,0,1,1,1,0,0,0,0,0,0
800 000 ₽,16,"5,00%",51 566 ₽,451 566 ₽,"1,50%",,0,0,0,0,1,0,0,1,0,0,0,0,0,0,0,0,0,0,0,0,0,0
2 860 000 ₽,16,"6,50%",174 414 ₽,1 912 513 ₽,"1,50%",,0,0,0,0,1,0,0,0,0,0,0,0,0,0,0,0,0,0,0,0,0,0
1 500 000 ₽,18,"6,17%",57 597 ₽,846 687 ₽,"1,50%",,0,0,0,0,1,0,0,0,1,0,1,0,0,0,1,1,0,0,0,0,0,0
2 000 000 ₽,14,"6,50%",150 402 ₽,940 763 ₽,"1,50%",,0,1,1,0,1,0,0,0,0,0,0,0,0,0,0,0,0,0,0,0,0,0
7 000 000 ₽,9,"3,34%",408 986 ₽,3 208 800 ₽,"1,50%",,0,0,0,0,0,0,1,1,0,0,0,0,0,0,0,0,0,0,0,0,0,0
800 000 ₽,10,"6,00%",41 044 ₽,524 129 ₽,"1,50%",,0,1,0,0,1,0,0,0,0,1,0,0,0,0,1,1,0,0,0,0,0,0
4 300 000 ₽,11,"6,00%",359 955 ₽,1 194 985 ₽,"1,50%",,0,0,0,0,0,0,0,1,0,0,0,0,0,0,0,0,0,1,0,0,0,0
2 000 000 ₽,15,"5,20%",85 319 ₽,1 755 956 ₽,"40,00%",,0,0,0,0,0,0,0,0,0,0,1,1,0,0,1,1,1,0,0,0,0,0
8 000 000 ₽,10,"5,48%",526 639 ₽,4 611 812 ₽,"1,50%",,0,0,0,0,0,0,1,0,0,0,0,0,0,0,0,0,0,0,0,0,0,0
3 000 000 ₽,9,"5,86%",225 360 ₽,825 120 ₽,"1,50%",,0,0,0,0,1,0,1,0,0,1,0,0,0,1,0,0,0,0,0,0,0,0
1 500 000 ₽,18,"6,00%",52 699 ₽,1 283 097 ₽,"1,50%",,0,0,0,0,1,1,0,0,0,0,0,0,0,0,1,1,0,0,0,1,1,0
650 000 ₽,17,"6,50%",34 249 ₽,501 831 ₽,"1,50%",,0,0,0,0,0,0,0,0,0,0,0,0,0,0,1,1,0,0,0,0,0,0
1 000 000 ₽,7,"5,25%",36 724 ₽,135 531 ₽,"1,50%",,0,0,0,0,0,0,0,0,1,0,0,0,0,0,0,0,0,0,0,1,0,0
9 036 661 ₽,11,"5,72%",476 570 ₽,3 369 398 ₽,"1,50%",,0,0,0,0,0,1,0,0,0,0,0,0,0,0,0,0,0,1,0,0,0,0
1 000 000 ₽,8,"2,50%",14 734 ₽,0 ₽,"0,00%",,0,0,0,0,0,0,0,0,1,0,0,0,0,0,0,0,0,0,1,0,0,0
2 000 000 ₽,10,"7,80%",0 ₽,2 634 648 ₽,"1,50%",,1,1,0,0,0,0,0,0,1,0,0,0,0,0,1,1,0,0,1,0,0,0
629 065 ₽,15,"6,50%",84 398 ₽,0 ₽,"0,00%",,0,0,0,0,0,1,0,0,0,0,0,0,0,0,0,0,0,0,0,0,0,0
1 500 000 ₽,6,"3,50%",53 499 ₽,0 ₽,"0,00%",,0,0,0,0,0,0,0,0,0,0,0,0,0,0,1,1,0,0,0,0,0,0
3 500 000 ₽,17,"6,00%",157 168 ₽,2 647 669 ₽,"1,50%",,0,0,0,0,0,0,0,0,0,0,0,0,0,0,0,1,0,0,0,0,0,0
500 000 ₽,9,"2,00%",8 402 ₽,350 137 ₽,"1,50%",,0,0,0,0,0,1,0,1,0,0,0,0,0,0,0,0,0,0,0,0,0,1
1 000 000 ₽,10,"6,00%",61 763 ₽,460 783 ₽,"1,50%",,0,1,0,0,1,0,1,0,1,0,0,0,0,0,0,0,0,0,0,0,0,0
6 140 000 ₽,11,"4,77%",185 258 ₽,3 202 291 ₽,"1,50%",,0,0,0,1,0,0,0,0,0,0,0,0,0,0,1,1,0,0,0,0,0,0
3 850 000 ₽,13,"6,50%",316 040 ₽,1 441 353 ₽,"1,50%",,0,0,0,0,0,1,0,0,0,0,1,0,0,0,1,0,0,1,0,0,0,0
950 000 ₽,17,"6,50%",81 109 ₽,453 768 ₽,"1,50%",,0,0,0,0,1,0,0,0,1,1,0,0,0,0,0,0,0,0,0,0,0,0
5 000 000 ₽,9,"6,00%",232 529 ₽,3 242 208 ₽,"1,50%",,0,0,0,0,0,0,0,0,0,0,1,0,0,0,0,0,0,0,1,0,0,0
2 000 000 ₽,7,"6,00%",67 108 ₽,0 ₽,"0,00%",,0,0,0,0,0,0,1,0,0,1,0,0,0,0,1,0,0,0,0,0,0,0
2 000 000 ₽,11,"6,00%",102 610 ₽,1 310 321 ₽,"1,50%",,0,0,0,0,0,0,0,1,0,1,0,0,0,0,0,0,0,0,0,0,0,0
2 000 000 ₽,11,"6,00%",62 542 ₽,1 979 374 ₽,"1,50%",,1,0,0,0,1,0,1,0,0,0,0,0,0,0,0,0,0,0,0,0,0,0
3 890 000 ₽,9,"4,50%",153 099 ₽,2 483 505 ₽,"10,00%",,0,0,0,0,0,1,0,1,0,0,0,0,0,1,0,0,0,0,0,0,0,0
9 792 307 ₽,7,"5,14%",411 323 ₽,6 721 218 ₽,"1,50%",,0,0,0,0,0,1,0,1,0,0,0,0,0,0,0,0,0,0,0,0,0,0
3 000 000 ₽,10,"5,13%",128 140 ₽,1 658 818 ₽,"1,50%",,0,0,1,0,1,0,0,0,0,0,0,0,0,0,0,0,0,0,0,0,0,0
5 430 000 ₽,6,"4,80%",338 424 ₽,1 470 308 ₽,"10,00%",,0,0,0,0,0,1,0,0,1,0,0,0,0,0,0,0,0,0,0,0,0,0
2 000 000 ₽,10,"4,50%",55 840 ₽,1 045 486 ₽,"1,50%",,0,0,0,0,0,0,0,0,0,0,0,0,0,0,1,0,0,0,1,0,0,0
1 500 000 ₽,9,"6,00%",64 458 ₽,1 128 916 ₽,"1,50%",,0,0,1,0,1,0,0,0,1,0,0,0,0,0,1,1,0,0,0,0,0,0
4 223 124 ₽,12,"5,26%",176 700 ₽,2 917 987 ₽,"1,50%",,0,0,0,0,0,1,0,1,0,0,0,0,0,0,0,0,0,0,0,0,0,0
2 000 000 ₽,15,"5,90%",31 271 ₽,2 177 312 ₽,"1,50%",,0,0,0,0,0,0,0,1,0,0,0,0,0,0,0,1,0,0,0,1,0,0
1 910 000 ₽,12,"6,50%",209 663 ₽,547 388 ₽,"40,00%",,0,0,0,0,0,0,0,0,0,0,0,0,0,0,0,0,0,0,0,0,0,0
2 900 000 ₽,12,"5,66%",77 438 ₽,2 569 086 ₽,"1,50%",,1,0,0,0,1,1,0,0,1,0,0,0,0,1,1,1,0,0,0,0,0,0
5 000 000 ₽,3,"3,80%",111 303 ₽,5 807 668 ₽,"1,50%",,0,0,0,0,0,1,0,1,0,0,0,0,0,0,0,0,1,0,0,0,0,0
2 250 000 ₽,15,"5,07%",106 276 ₽,1 326 957 ₽,"1,50%",,0,0,0,1,0,0,0,1,1,0,0,0,0,1,0,0,0,0,0,0,0,0
2 680 000 ₽,11,"3,95%",74 342 ₽,2 166 418 ₽,"1,50%",,0,0,0,1,0,0,0,0,1,0,0,0,0,0,0,0,0,0,0,0,0,0
6 000 000 ₽,5,"5,00%",124 650 ₽,4 873 949 ₽,"1,50%",,0,0,0,0,0,1,0,0,0,0,0,0,0,0,1,1,0,0,0,0,0,0
9 127 736 ₽,7,"4,76%",379 575 ₽,4 523 756 ₽,"1,50%",,0,0,0,0,0,0,0,0,1,0,0,0,0,0,0,0,0,0,1,0,0,0
2 000 000 ₽,10,"6,00%",37 205 ₽,1 852 690 ₽,"40,00%",,0,0,0,0,0,0,0,1,0,0,0,0,0,0,1,0,0,0,0,0,0,0
2 000 000 ₽,11,"6,90%",46 545 ₽,2 150 138 ₽,"1,50%",,0,1,0,0,0,1,0,0,1,1,1,0,0,0,0,0,0,0,0,0,0,0
4 304 871 ₽,13,"4,78%",195 996 ₽,2 024 745 ₽,"1,50%",,0,0,0,0,0,0,0,1,1,0,0,0,0,0,0,0,0,0,0,0,0,0
4 000 000 ₽,6,"5,50%",125 943 ₽,2 918 552 ₽,"1,50%",,0,0,0,0,0,1,0,1,0,0,0,0,0,0,0,0,0,0,0,0,0,0
1 000 000 ₽,12,"6,80%",0 ₽,1 280 916 ₽,"1,50%",,0,0,0,0,0,0,0,0,0,0,0,0,0,0,0,0,0,0,0,1,0,0
4 000 000 ₽,6,"5,50%",85 944 ₽,3 763 053 ₽,"1,50%",,1,0,1,0,1,1,0,0,1,0,0,0,0,0,1,1,0,0,0,0,0,0
2 296 427 ₽,8,"2,50%",38 400 ₽,0 ₽,"0,00%",,0,0,0,0,0,1,0,1,1,1,0,0,0,0,0,0,0,0,0,1,0,0
1 280 000 ₽,17,"6,50%",140 507 ₽,366 836 ₽,"10,00%",,0,0,0,0,0,0,0,0,0,1,0,0,0,0,1,1,0,0,0,0,0,0
1 768 461 ₽,11,"5,00%",68 480 ₽,0 ₽,"0,00%",,0,0,0,0,0,0,0,0,1,0,0,0,0,0,0,0,0,0,0,0,0,0
10 940 000 ₽,10,"4,78%",383 480 ₽,7 243 877 ₽,"1,50%",,0,0,0,0,0,1,0,1,0,0,0,0,0,0,1,0,0,0,0,0,0,0
3 000 000 ₽,8,"6,00%",188 914 ₽,1 094 457 ₽,"1,50%",,0,0,0,0,0,0,0,0,1,0,0,0,0,0,1,0,0,0,0,0,0,0
4 160 000 ₽,14,"4,55%",0 ₽,4 528 259 ₽,"1,50%",,0,0,0,0,0,1,0,0,1,0,0,0,0,0,0,0,0,0,0,0,0,0
2 500 000 ₽,11,"3,02%",77 124 ₽,523 513 ₽,"1,50%",,0,0,0,0,0,0,0,0,0,0,0,0,0,0,1,1,0,0,0,0,0,0
1 500 000 ₽,13,"5,50%",52 699 ₽,1 283 097 ₽,"1,50%",,0,0,0,0,0,1,1,1,1,1,1,0,0,0,0,1,1,0,0,0,1,0
10 060 000 ₽,12,"3,47%",221 094 ₽,7 125 323 ₽,"1,50%",,0,0,0,0,0,0,0,0,0,0,0,1,0,0,1,0,0,0,1,0,0,0
3 560 000 ₽,13,"6,50%",109 588 ₽,0 ₽,"0,00%",,0,0,0,1,0,1,0,0,0,0,0,0,0,0,0,0,0,0,0,0,0,0
1 000 000 ₽,7,"6,00%",111 614 ₽,0 ₽,"0,00%",,0,0,0,1,0,0,0,1,0,0,0,0,0,0,0,0,0,0,0,0,0,0
1 500 000 ₽,14,"6,50%",76 104 ₽,1 152 209 ₽,"40,00%",,0,1,1,1,0,0,0,0,1,0,0,0,0,0,0,1,0,0,0,0,0,0
590 000 ₽,18,"6,50%",29 934 ₽,453 202 ₽,"100,00%",,0,0,0,0,0,1,0,1,0,0,0,0,0,0,0,0,0,0,0,0,0,0
4 000 000 ₽,11,"5,00%",58 585 ₽,4 311 106 ₽,"1,50%",,0,0,0,0,0,1,0,0,0,0,0,0,0,0,0,1,0,0,0,0,0,0
2 000 000 ₽,7,"5,10%",21 486 ₽,2 069 679 ₽,"1,50%",,0,0,0,0,0,0,0,0,1,0,0,0,0,0,0,1,1,0,0,0,0,0
3 500 000 ₽,14,"8,30%",102 049 ₽,3 776 845 ₽,"40,00%",,0,0,0,0,0,0,0,0,1,0,1,0,0,0,0,1,0,0,0,0,0,0
3 310 000 ₽,12,"5,00%",215 508 ₽,0 ₽,"30,00%",,0,0,0,0,0,0,0,0,1,1,0,0,0,0,0,0,0,0,0,0,0,0
2 200 000 ₽,7,"6,00%",146 471 ₽,598 824 ₽,"1,50%",,0,0,0,0,0,0,1,0,1,0,0,0,0,0,0,1,0,1,1,0,0,0
7 776 427 ₽,7,"4,94%",297 288 ₽,5 889 394 ₽,"10,00%",,0,0,0,0,0,0,0,0,1,0,0,0,0,0,0,0,0,0,0,0,0,0
6 000 000 ₽,4,"4,00%",0 ₽,6 635 274 ₽,"1,50%",,0,0,0,0,0,0,1,0,0,0,1,0,0,0,0,1,0,0,0,0,0,0
2 348 835 ₽,13,"6,50%",343 779 ₽,0 ₽,"10,00%",,0,0,0,0,0,0,1,0,0,0,0,0,0,0,0,0,0,0,0,0,0,0
2 000 000 ₽,14,"8,30%",63 208 ₽,2 528 620 ₽,"1,50%",,0,0,0,0,0,1,0,0,0,0,0,0,0,0,0,0,1,0,0,0,0,0
3 000 000 ₽,13,"4,74%",307 831 ₽,561 566 ₽,"1,50%",,0,0,0,0,1,1,1,0,0,1,0,0,0,0,0,0,0,0,0,0,0,0
6 500 000 ₽,4,"3,12%",225 062 ₽,4 106 753 ₽,"1,50%",,0,0,0,0,0,1,0,0,0,0,0,0,0,0,0,0,0,0,0,0,0,0
1 000 000 ₽,12,"6,50%",146 362 ₽,0 ₽,"1,50%",,0,0,0,0,0,0,0,0,0,0,0,0,0,0,0,0,0,0,0,0,0,0
500 000 ₽,13,"6,50%",30 492 ₽,334 355 ₽,"1,50%",,0,0,1,1,0,0,0,0,0,0,0,0,0,0,1,1,0,0,1,0,0,0
1 000 000 ₽,9,"6,00%",26 470 ₽,829 409 ₽,"1,50%",,0,0,0,1,0,0,0,0,0,0,0,0,0,0,0,0,0,0,0,0,0,0
11 250 000 ₽,7,"3,92%",357 828 ₽,9 210 381 ₽,"1,50%",,0,0,0,0,0,1,0,0,0,0,0,0,0,0,0,1,0,0,0,0,0,0
2 000 000 ₽,12,"6,50%",0 ₽,2 561 833 ₽,"1,50%",,1,0,0,0,0,0,0,0,0,0,0,0,0,0,1,1,0,0,0,0,0,1
640 000 ₽,11,"6,00%",32 835 ₽,419 303 ₽,"1,50%",,0,0,0,0,1,0,0,0,1,0,0,0,0,0,0,0,0,0,0,0,0,0
12 400 000 ₽,7,"5,42%",539 558 ₽,8 213 797 ₽,"10,00%",,0,0,0,0,0,0,0,0,0,0,0,0,0,0,0,0,0,0,0,0,0,0
3 060 000 ₽,11,"6,00%",170 770 ₽,1 700 770 ₽,"1,50%",,0,0,0,0,0,0,0,0,1,0,0,0,0,0,0,0,0,0,0,0,0,0
2 500 000 ₽,11,"5,00%",20 867 ₽,0 ₽,"0,00%",,0,0,0,0,0,0,1,0,0,0,0,0,0,0,1,0,0,0,1,0,0,0
4 000 000 ₽,11,"5,50%",48 787 ₽,4 203 326 ₽,"10,00%",,0,0,0,0,0,0,0,0,0,0,0,0,0,1,0,0,1,0,1,0,0,0
4 000 000 ₽,10,"5,40%",46 843 ₽,4 181 945 ₽,"1,50%",,0,0,0,0,0,1,0,0,1,0,0,0,0,0,0,0,1,0,0,1,1,0
1 500 000 ₽,1,"5,50%",48 343 ₽,0 ₽,"0,00%",,1,0,0,0,0,0,0,0,0,0,0,0,0,0,0,0,0,0,0,0,0,0
2 000 000 ₽,11,"5,79%",57 283 ₽,1 408 172 ₽,"1,50%",,0,0,0,0,0,0,0,0,1,0,0,0,0,0,0,0,0,0,1,1,0,0
6 000 000 ₽,12,"5,60%",0 ₽,6 843 183 ₽,"1,50%",,0,0,0,0,0,0,0,0,0,0,0,0,0,0,0,1,1,0,0,1,0,0
4 770 000 ₽,10,"5,00%",221 833 ₽,3 093 066 ₽,"1,50%",,0,0,0,0,0,0,0,0,0,0,0,0,0,1,0,0,0,0,0,1,0,0
7 000 000 ₽,9,"2,72%",317 685 ₽,3 352 096 ₽,"1,50%",,0,0,0,1,0,0,1,0,0,0,0,0,0,0,0,0,0,0,0,0,0,0
1 500 000 ₽,9,"4,00%",70 843 ₽,820 843 ₽,"1,50%",,0,0,0,0,0,0,1,1,1,0,0,0,0,0,1,0,0,0,0,1,0,0
1 500 000 ₽,17,"5,50%",70 265 ₽,1 140 530 ₽,"1,50%",,0,0,0,0,0,0,0,0,0,0,0,0,0,0,0,0,0,1,0,0,0,0
1 234 644 ₽,14,"6,50%",145 901 ₽,116 151 ₽,"10,00%",,0,0,0,0,0,0,0,0,0,1,0,0,0,0,0,0,0,0,0,0,0,0
1 500 000 ₽,11,"4,30%",67 765 ₽,673 403 ₽,"1,50%",,0,0,0,0,0,0,0,0,0,0,0,0,0,0,0,1,0,0,0,0,0,0
1 000 000 ₽,12,"3,75%",61 481 ₽,0 ₽,"30,00%",,0,0,0,0,0,1,1,0,1,1,0,0,0,0,0,0,0,0,0,0,0,0
3 500 000 ₽,8,"6,00%",342 315 ₽,651 796 ₽,"100,00%",,0,0,0,0,0,0,0,0,1,0,0,0,1,0,0,0,0,1,0,0,0,0
1 460 000 ₽,16,"6,50%",136 783 ₽,555 058 ₽,"10,00%",,0,0,0,0,0,1,0,0,0,0,0,0,0,0,0,0,0,1,0,0,0,0
2 070 000 ₽,14,"4,23%",0 ₽,2 359 393 ₽,"1,50%",,0,0,0,0,0,0,1,0,0,0,1,0,0,0,0,0,0,0,0,0,0,0
2 000 000 ₽,9,"6,00%",28 308 ₽,2 144 717 ₽,"1,50%",,0,0,0,0,1,0,0,0,0,0,1,0,0,0,1,1,0,0,0,0,0,0
5 000 000 ₽,7,"4,00%",167 770 ₽,0 ₽,"0,00%",,0,0,0,0,0,1,0,1,0,0,0,0,0,0,0,0,0,0,0,0,0,0
2 470 000 ₽,10,"5,16%",64 778 ₽,2 614 695 ₽,"1,50%",,0,0,0,0,0,0,0,1,0,0,0,0,0,0,0,0,0,0,0,0,0,0
2 100 000 ₽,7,"3,60%",29 133 ₽,1 895 663 ₽,"1,50%",,0,0,0,0,0,0,0,1,0,0,0,0,0,0,1,0,1,0,0,0,0,1
1 340 000 ₽,15,"6,50%",135 389 ₽,380 130 ₽,"10,00%",,0,0,0,0,0,0,0,1,0,0,0,0,0,0,0,0,0,1,0,0,0,0
5 000 000 ₽,14,"5,00%",0 ₽,5 761 044 ₽,"1,50%",,0,0,0,0,1,0,0,0,0,0,0,0,0,0,0,0,0,0,0,0,0,0
1 325 000 ₽,14,"5,88%",81 746 ₽,546 082 ₽,"1,50%",,0,0,0,0,0,0,0,0,0,0,0,0,0,0,0,0,0,1,0,0,0,0
500 000 ₽,17,"6,10%",8 066 ₽,547 059 ₽,"10,00%",,0,0,0,0,0,0,0,0,0,0,0,0,0,0,1,1,0,0,0,0,0,0
1 030 000 ₽,17,"8,30%",40 855 ₽,1 187 238 ₽,"1,50%",,0,0,0,0,0,1,0,1,1,0,0,0,0,1,1,0,0,0,0,0,0,0
1 000 000 ₽,9,"6,00%",88 232 ₽,184 313 ₽,"1,50%",,0,0,0,0,1,1,0,0,1,0,0,0,0,0,0,0,0,1,0,0,0,0
3 230 000 ₽,9,"4,41%",131 567 ₽,2 415 556 ₽,"1,50%",,0,0,0,0,1,1,0,0,0,0,0,0,0,0,1,1,0,0,0,0,0,0
1 500 000 ₽,11,"6,00%",125 566 ₽,416 855 ₽,"10,00%",,0,0,0,0,0,0,0,0,1,0,0,1,0,0,0,0,0,0,0,0,0,0
5 000 000 ₽,5,"5,50%",225 882 ₽,2 244 678 ₽,"1,50%",,0,0,0,0,0,1,1,0,0,0,0,0,0,0,0,0,0,0,0,0,0,0
2 000 000 ₽,10,"4,11%",73 777 ₽,0 ₽,"10,00%",,0,0,1,0,1,1,0,0,1,0,0,0,0,0,0,0,0,0,0,0,0,0
1 000 000 ₽,8,"5,20%",13 663 ₽,1 066 955 ₽,"1,50%",,0,0,1,1,0,0,0,0,0,0,0,0,0,0,0,1,0,0,1,0,0,0
2 000 000 ₽,9,"6,00%",116 853 ₽,916 800 ₽,"1,50%",,0,0,0,1,0,0,0,0,0,0,0,0,0,0,1,0,0,0,0,0,0,0
2 500 000 ₽,13,"5,86%",90 803 ₽,1 693 374 ₽,"1,50%",,0,0,0,1,1,0,0,0,0,0,0,0,0,0,0,0,0,0,0,0,0,0
500 000 ₽,16,"3,46%",0 ₽,640 458 ₽,"1,50%",,0,0,0,0,0,0,0,1,1,0,0,0,0,0,0,0,0,0,0,0,0,0
2 000 000 ₽,9,"5,16%",150 240 ₽,550 080 ₽,"1,50%",,0,0,0,0,0,0,0,0,0,0,0,0,0,0,0,0,0,0,0,0,0,0
4 000 000 ₽,12,"4,00%",117 171 ₽,3 919 187 ₽,"1,50%",,0,0,0,0,0,0,0,1,0,0,0,0,0,0,1,1,0,0,0,0,0,0
3 890 000 ₽,10,"6,00%",102 967 ₽,0 ₽,"0,00%",,0,0,0,0,0,1,0,0,0,0,0,0,0,0,0,0,0,0,0,0,0,0
2 200 000 ₽,12,"5,00%",86 068 ₽,0 ₽,"0,00%",,0,0,0,0,0,1,0,0,0,0,0,0,0,0,0,0,0,1,0,0,0,0
2 500 000 ₽,16,"6,50%",234 217 ₽,950 442 ₽,"1,50%",,0,0,0,0,0,0,0,1,1,1,0,0,0,0,0,0,0,0,1,0,0,0
1 175 000 ₽,8,"6,80%",29 107 ₽,1 231 877 ₽,"1,50%",,0,0,0,0,0,0,0,0,0,0,0,0,0,0,1,0,0,0,0,0,0,0
1 000 000 ₽,12,"6,00%",89 810 ₽,378 238 ₽,"100,00%",,0,0,0,0,0,0,1,1,0,1,1,0,1,0,0,0,0,0,0,0,0,0
8 500 000 ₽,7,"4,65%",411 810 ₽,5 174 198 ₽,"1,50%",,0,0,0,0,0,1,0,1,1,0,0,0,0,0,1,1,1,0,0,0,0,0
9 790 000 ₽,7,"6,00%",104 584 ₽,9 960 606 ₽,"1,50%",,0,0,0,0,0,0,0,1,0,0,0,0,0,0,0,0,0,0,0,0,0,0
11 200 000 ₽,11,"2,65%",393 476 ₽,9 721 223 ₽,"1,50%",,0,0,0,0,0,0,0,0,0,0,0,0,0,0,1,1,0,0,1,0,0,0
3 590 000 ₽,4,"4,70%",91 072 ₽,3 447 025 ₽,"1,50%",,0,0,0,0,0,0,0,0,1,0,0,0,0,0,0,0,1,0,0,1,0,0
1 500 000 ₽,9,"5,00%",44 012 ₽,1 257 036 ₽,"1,50%",,0,0,0,0,0,0,0,0,1,0,0,0,0,0,0,0,0,0,0,0,0,0
2 500 000 ₽,13,"6,50%",230 874 ₽,701 958 ₽,"1,50%",,0,0,0,0,0,0,0,1,0,0,0,0,0,0,1,0,1,0,0,1,0,0
4 000 000 ₽,7,"2,90%",48 371 ₽,3 145 114 ₽,"10,00%",,0,0,0,0,0,0,1,0,0,0,0,0,0,0,0,0,0,0,0,0,0,0
4 000 000 ₽,6,"3,00%",276 999 ₽,722 066 ₽,"1,50%",,0,0,0,0,0,0,0,1,0,1,0,0,0,0,0,0,0,0,0,0,0,0
3 000 000 ₽,6,"5,00%",32 229 ₽,3 104 519 ₽,"1,50%",,0,0,0,0,1,0,0,1,0,0,0,0,0,0,0,0,1,0,0,0,0,1
7 322 657 ₽,12,"4,84%",418 467 ₽,4 898 984 ₽,"1,50%",,0,0,0,0,0,1,0,1,0,0,0,0,0,0,0,0,0,0,0,0,0,0
13 000 000 ₽,7,"4,13%",393 571 ₽,9 031 327 ₽,"1,50%",,0,0,0,0,0,1,1,0,0,0,0,0,0,0,0,0,0,0,0,0,0,0
1 000 000 ₽,13,"3,50%",48 475 ₽,451 292 ₽,"1,50%",,0,0,0,0,0,1,0,1,1,0,0,0,0,0,1,0,0,0,0,0,0,0
8 000 000 ₽,8,"5,13%",317 747 ₽,3 386 748 ₽,"10,00%",,0,0,0,0,0,0,0,0,1,0,0,0,0,0,1,0,0,0,0,0,0,0
500 000 ₽,17,"6,50%",27 325 ₽,387 984 ₽,"1,50%",,0,0,0,1,0,1,0,1,0,0,0,0,0,0,0,0,0,0,0,0,0,0
1 000 000 ₽,13,"6,50%",92 349 ₽,280 783 ₽,"1,50%",,0,0,0,0,0,0,0,1,0,0,0,0,0,0,0,0,0,0,0,0,0,0
3 000 000 ₽,8,"4,50%",40 988 ₽,3 200 865 ₽,"1,50%",,0,0,0,1,0,1,0,0,0,0,0,0,0,0,0,0,1,0,0,0,0,0
13 500 000 ₽,6,"5,11%",303 299 ₽,9 073 086 ₽,"1,50%",,0,0,0,0,0,1,1,1,0,0,0,0,0,0,0,0,0,0,0,0,0,0
2 700 000 ₽,15,"4,38%",142 450 ₽,606 988 ₽,"1,50%",,0,0,0,1,0,1,0,0,0,0,0,0,0,0,1,1,0,0,0,0,0,0
1 450 000 ₽,11,"5,00%",17 685 ₽,1 523 706 ₽,"1,50%",,0,0,0,0,0,0,0,0,0,0,0,0,0,0,1,1,1,0,0,0,0,0
1 500 000 ₽,7,"6,00%",52 699 ₽,1 283 097 ₽,"1,50%",,0,0,0,0,0,1,0,0,1,0,0,0,0,1,0,1,0,0,0,0,0,0
1 010 000 ₽,17,"5,94%",98 550 ₽,0 ₽,"0,00%",,0,0,0,0,0,1,0,0,0,0,0,0,0,0,0,0,0,0,0,0,0,0
1 500 000 ₽,13,"6,50%",35 133 ₽,1 425 663 ₽,"1,50%",,0,0,0,0,1,1,0,0,0,0,0,0,0,0,1,1,0,0,0,0,0,0
1 350 000 ₽,17,"4,00%",90 933 ₽,765 933 ₽,"1,50%",,0,0,0,0,0,0,0,0,0,0,0,1,0,0,0,0,1,0,0,0,0,0
500 000 ₽,14,"6,50%",29 277 ₽,0 ₽,"10,00%",,0,0,0,0,0,0,0,0,1,0,0,0,0,0,0,0,0,0,1,0,0,0
1 000 000 ₽,18,"6,50%",101 473 ₽,384 070 ₽,"10,00%",,0,1,0,0,1,1,0,0,0,0,0,0,0,0,0,0,0,0,0,0,0,0
1 000 000 ₽,9,"6,50%",0 ₽,1 317 324 ₽,"1,50%",,0,1,0,0,0,0,1,0,0,0,0,0,0,0,0,0,0,0,0,0,0,0
4 000 000 ₽,5,"5,50%",206 521 ₽,1 436 594 ₽,"1,50%",,0,0,0,0,0,1,0,0,0,0,0,0,0,0,0,0,0,0,0,0,0,0
1 000 000 ₽,8,"5,20%",13 663 ₽,1 066 955 ₽,"10,00%",,0,0,0,0,1,1,0,0,0,1,1,0,0,1,0,0,1,0,0,0,0,0
1 350 000 ₽,16,"6,50%",126 477 ₽,513 239 ₽,"1,50%",,0,0,0,0,1,0,0,0,0,0,0,0,0,0,0,0,0,0,0,0,0,0
1 300 000 ₽,10,"4,00%",61 336 ₽,0 ₽,"0,00%",,0,0,0,0,0,1,0,0,0,0,0,0,0,0,0,0,0,0,0,0,0,0
6 000 000 ₽,10,"6,00%",246 265 ₽,4 492 530 ₽,"1,50%",,0,0,0,0,0,0,0,0,0,0,0,0,0,0,1,0,0,0,0,0,0,0
1 500 000 ₽,12,"6,00%",0 ₽,1 710 796 ₽,"40,00%",,0,0,0,1,0,0,1,1,0,0,1,0,0,1,0,0,0,0,0,0,0,0
3 000 000 ₽,12,"6,00%",101 036 ₽,2 553 109 ₽,"1,50%",,0,0,0,0,0,1,0,0,0,0,0,0,0,0,1,1,0,0,0,0,0,0
4 000 000 ₽,12,"7,80%",0 ₽,5 220 502 ₽,"1,50%",,0,0,0,1,0,0,0,0,0,0,0,0,0,1,0,0,0,1,1,1,0,0
5 000 000 ₽,9,"6,00%",232 529 ₽,3 242 208 ₽,"1,50%",,0,0,0,0,0,0,0,1,0,0,0,0,0,0,0,0,0,1,0,1,0,0
2 536 310 ₽,13,"3,00%",175 639 ₽,457 846 ₽,"1,50%",,0,0,0,0,0,1,0,1,0,0,0,0,0,0,0,0,0,0,0,0,0,0
3 190 000 ₽,14,"4,00%",163 664 ₽,2 089 962 ₽,"1,50%",,0,0,0,0,0,0,0,1,0,0,0,0,0,0,0,0,0,0,1,0,0,0
5 000 000 ₽,7,"4,88%",208 666 ₽,3 208 800 ₽,"1,50%",,0,0,0,0,0,0,0,1,0,0,0,0,0,1,1,0,0,0,0,0,0,0
2 000 000 ₽,12,"5,40%",25 653 ₽,1 719 543 ₽,"1,50%",,0,0,0,0,0,1,0,1,1,0,0,0,0,0,0,0,0,0,0,1,0,0
3 000 000 ₽,12,"6,00%",92 349 ₽,2 527 048 ₽,"10,00%",,0,0,0,0,0,0,0,0,1,0,0,0,0,0,1,1,0,0,1,0,0,0
1 350 382 ₽,14,"6,00%",66 037 ₽,0 ₽,"0,00%",,0,0,0,0,0,0,0,0,1,0,0,0,0,0,0,0,0,0,0,0,0,0
4 000 000 ₽,5,"3,00%",295 901 ₽,725 847 ₽,"10,00%",,0,0,0,0,1,0,0,0,0,0,0,0,0,0,0,0,0,0,0,0,0,0
3 586 929 ₽,10,"6,00%",63 297 ₽,0 ₽,"0,00%",,0,0,0,0,0,0,1,0,0,0,0,0,0,0,1,0,0,0,0,0,0,0
2 500 000 ₽,15,"4,13%",101 036 ₽,1 598 893 ₽,"0,00%",,0,0,0,0,0,1,0,0,0,0,0,0,0,0,1,0,0,1,0,0,0,0
2 017 589 ₽,14,"6,50%",238 424 ₽,189 807 ₽,"1,50%",,0,0,0,0,0,0,0,1,0,0,0,0,0,0,0,0,0,0,0,0,0,0
11 808 076 ₽,8,"5,05%",306 080 ₽,11 443 565 ₽,"1,50%",,0,0,0,0,0,1,0,0,1,0,0,0,0,0,0,0,0,0,0,0,0,0
2 390 000 ₽,14,"6,50%",231 082 ₽,674 527 ₽,"1,50%",,0,0,0,0,0,0,0,1,1,0,0,0,0,0,1,1,0,0,0,0,0,0
2 000 000 ₽,12,"6,80%",46 819 ₽,2 348 347 ₽,"1,50%",,0,1,0,1,0,1,0,1,1,1,1,0,0,0,0,0,0,0,0,0,0,0
4 500 000 ₽,6,"4,50%",115 884 ₽,3 005 641 ₽,"1,50%",,0,0,0,1,0,0,0,0,0,0,0,1,0,1,0,1,0,0,0,0,0,0
2 000 000 ₽,14,"5,80%",31 271 ₽,2 177 312 ₽,"1,50%",,0,0,1,0,1,0,0,0,0,0,0,0,0,0,1,0,1,0,1,1,0,1
3 189 956 ₽,9,"6,00%",411 236 ₽,0 ₽,"0,00%",,0,0,0,0,0,0,0,0,0,0,0,0,0,0,1,0,0,0,0,0,0,0
4 550 000 ₽,13,"6,50%",326 814 ₽,2 129 272 ₽,"1,50%",,0,0,0,0,0,0,1,0,0,0,1,0,0,0,0,0,0,0,0,0,0,0
2 000 000 ₽,7,"5,10%",31 271 ₽,2 177 312 ₽,"1,50%",,0,1,0,0,1,0,0,0,0,0,0,0,0,0,0,1,1,0,1,0,0,0
5 225 000 ₽,7,"4,31%",289 464 ₽,1 886 399 ₽,"10,00%",,0,0,0,0,0,0,0,1,0,0,0,0,0,0,0,1,0,0,0,0,0,0
2 348 835 ₽,13,"6,50%",357 513 ₽,0 ₽,"30,00%",,0,0,0,0,1,0,0,0,0,0,0,0,0,0,0,0,0,0,1,0,0,0
2 000 000 ₽,8,"6,00%",85 944 ₽,1 505 221 ₽,"1,50%",,0,0,0,0,0,1,1,0,0,0,0,0,0,0,1,0,0,0,0,0,0,0
6 590 000 ₽,13,"6,24%",332 489 ₽,2 720 480 ₽,"1,50%",,0,0,0,0,0,1,0,1,1,0,0,0,0,0,0,1,0,0,0,0,0,0
2 600 000 ₽,13,"4,50%",86 805 ₽,1 906 944 ₽,"1,50%",,0,0,0,1,0,0,0,0,1,1,0,0,0,0,0,1,0,0,0,0,0,0
1 000 000 ₽,13,"6,50%",71 827 ₽,467 972 ₽,"1,50%",,0,0,0,0,1,0,1,0,1,0,0,0,0,0,0,0,0,0,0,0,0,0
3 000 000 ₽,10,"3,20%",250 400 ₽,550 080 ₽,"10,00%",,0,0,0,1,0,0,1,0,0,0,0,0,0,0,0,0,0,0,0,0,0,0
5 050 000 ₽,12,"5,30%",345 739 ₽,2 351 123 ₽,"1,50%",,0,0,0,0,0,1,0,1,0,0,0,0,0,0,0,0,0,0,0,0,0,0
500 000 ₽,11,"4,20%",7 189 ₽,452 611 ₽,"1,50%",,0,0,0,0,1,0,0,0,0,0,0,0,0,0,0,1,0,0,0,1,0,0
500 000 ₽,8,"6,00%",24 394 ₽,382 121 ₽,"1,50%",,0,0,0,0,1,0,0,0,0,0,0,0,0,0,1,1,0,0,0,1,0,0
4 190 768 ₽,7,"5,00%",310 013 ₽,760 464 ₽,"1,50%",,0,0,0,0,0,1,0,1,0,0,0,0,0,0,0,0,0,0,0,0,0,0
1 500 000 ₽,9,"3,80%",47 749 ₽,0 ₽,"0,00%",,0,0,0,1,0,1,0,0,1,0,0,0,0,0,0,0,0,0,0,0,0,0
1 000 000 ₽,17,"5,00%",12 684 ₽,1 056 191 ₽,"1,50%",,0,0,0,0,1,0,0,0,0,0,0,0,0,0,0,0,0,1,0,1,0,0
1 500 000 ₽,6,"5,50%",76 104 ₽,1 152 209 ₽,"10,00%",,0,0,0,1,1,0,0,0,0,0,0,0,0,0,1,1,0,0,0,0,0,0
1 500 000 ₽,7,"6,00%",52 699 ₽,1 283 097 ₽,"1,50%",,0,0,0,1,0,0,0,0,0,0,0,0,0,0,1,1,0,0,0,0,0,0
2 000 000 ₽,10,"6,00%",123 525 ₽,921 566 ₽,"1,50%",,0,0,0,0,0,1,0,0,1,0,0,0,0,0,0,1,0,0,1,0,0,0
10 000 000 ₽,4,"3,68%",221 926 ₽,8 165 777 ₽,"1,50%",,0,0,0,0,0,0,0,1,1,0,0,0,0,0,0,0,0,0,1,0,0,0
5 000 000 ₽,10,"6,00%",264 697 ₽,2 764 697 ₽,"1,50%",,0,0,0,0,0,1,0,0,0,0,0,0,0,0,1,1,0,0,0,0,0,0
5 000 000 ₽,16,"5,00%",210 055 ₽,0 ₽,"10,00%",,0,0,0,0,0,0,0,0,0,0,0,0,0,0,0,1,0,0,1,0,0,0
5 000 000 ₽,12,"5,50%",268 575 ₽,3 292 671 ₽,"1,50%",,0,0,0,1,0,0,1,0,0,0,0,0,0,0,0,1,0,0,0,0,0,0
6 000 000 ₽,8,"5,25%",279 035 ₽,3 890 649 ₽,"1,50%",,0,0,0,0,0,0,1,1,0,0,0,0,0,0,0,1,0,0,0,0,0,0
6 000 000 ₽,11,"5,00%",223 228 ₽,4 446 456 ₽,"1,50%",,0,0,0,0,0,1,0,0,0,0,0,0,0,0,1,0,0,0,0,0,0,0
4 300 000 ₽,2,"5,50%",195 370 ₽,1 140 123 ₽,"1,50%",,0,0,0,0,0,1,0,0,1,0,0,0,0,0,0,0,0,0,0,0,0,0
1 836 735 ₽,13,"2,00%",81 043 ₽,652 767 ₽,"1,50%",,0,0,0,0,0,0,0,0,0,0,0,0,0,0,1,0,0,0,0,0,0,0
14 852 000 ₽,4,"3,94%",360 033 ₽,8 996 866 ₽,"1,50%",,0,0,0,0,0,1,0,1,0,0,0,0,0,0,0,0,0,0,0,0,0,0
13 570 000 ₽,4,"2,83%",740 031 ₽,916 800 ₽,"30,00%",,0,0,0,1,0,0,1,0,0,0,0,0,0,0,0,0,0,0,0,0,0,0
6 000 000 ₽,8,"4,50%",450 720 ₽,1 650 240 ₽,"10,00%",,0,0,0,0,0,1,0,0,0,0,0,0,0,0,0,0,0,0,0,0,0,0
500 000 ₽,16,"5,00%",19 026 ₽,432 078 ₽,"10,00%",,0,0,1,1,0,1,0,0,0,0,0,0,0,0,1,1,0,0,1,0,0,0
600 000 ₽,10,"6,00%",16 742 ₽,500 226 ₽,"10,00%",,0,0,0,0,0,1,0,1,0,0,0,0,0,0,0,0,0,1,0,1,0,0
1 700 000 ₽,16,"5,50%",81 604 ₽,0 ₽,"0,00%",,0,0,0,0,0,0,0,0,0,1,0,0,0,0,0,0,0,0,0,0,0,0
2 000 000 ₽,16,"6,50%",126 841 ₽,1 344 244 ₽,"1,50%",,1,0,0,1,1,1,0,0,0,0,0,0,0,0,0,0,0,0,0,0,0,0
2 290 000 ₽,8,"6,00%",23 498 ₽,0 ₽,"0,00%",,0,0,0,0,0,1,0,1,1,0,0,0,0,0,0,0,0,0,0,0,0,0
7 210 000 ₽,9,"6,28%",432 440 ₽,3 190 262 ₽,"1,50%",,0,0,0,0,0,0,1,0,1,0,0,0,0,0,0,0,0,0,0,0,0,0
5 000 000 ₽,11,"6,00%",325 541 ₽,2 315 863 ₽,"1,50%",,0,0,0,0,0,1,0,1,0,0,0,0,0,0,0,0,0,0,0,0,0,0
500 000 ₽,7,"3,00%",36 590 ₽,286 590 ₽,"1,50%",,0,0,0,0,0,0,0,0,1,0,0,0,0,0,1,1,0,0,0,0,0,0
5 000 000 ₽,7,"6,00%",161 345 ₽,3 142 549 ₽,"40,00%",,0,0,0,0,0,0,0,0,0,0,0,0,0,0,0,0,0,0,1,1,0,0
1 000 000 ₽,11,"5,50%",16 132 ₽,1 094 117 ₽,"1,50%",,0,0,0,0,0,0,0,0,1,1,1,0,0,0,1,0,0,0,0,0,0,0
8 000 000 ₽,9,"4,50%",200 320 ₽,6 600 959 ₽,"40,00%",,0,0,0,0,0,0,0,1,1,0,0,0,0,0,0,0,0,0,0,0,0,0
4 000 000 ₽,10,"6,00%",123 133 ₽,3 369 398 ₽,"1,50%",,0,0,0,1,0,0,0,0,0,0,0,0,0,0,1,1,0,0,0,0,0,0
1 930 000 ₽,15,"4,50%",186 606 ₽,544 702 ₽,"10,00%",,0,0,0,0,0,0,1,0,0,0,0,0,0,0,0,0,0,0,1,0,0,0
1 500 000 ₽,12,"6,00%",76 104 ₽,1 152 209 ₽,"1,50%",,0,0,0,1,1,1,0,0,0,0,0,0,0,0,1,0,1,0,0,0,0,0
1 000 000 ₽,10,"5,40%",32 264 ₽,994 652 ₽,"1,50%",,0,0,0,0,0,1,1,1,0,0,0,0,0,0,0,0,0,1,0,1,0,0
500 000 ₽,18,"6,50%",31 710 ₽,0 ₽,"0,00%",,0,0,0,0,1,1,0,1,0,0,1,0,0,0,0,0,0,0,0,0,0,0
2 000 000 ₽,8,"6,00%",88 232 ₽,1 290 192 ₽,"1,50%",,0,0,0,0,0,1,0,0,0,1,1,0,0,0,0,0,0,0,1,0,0,0
1 000 000 ₽,16,"3,50%",0 ₽,1 080 210 ₽,"1,50%",,0,0,0,0,0,1,0,1,1,0,0,0,0,0,0,0,1,0,0,0,0,0
1 000 000 ₽,7,"3,50%",32 264 ₽,994 652 ₽,"1,50%",,0,0,0,1,0,0,1,0,0,0,0,0,0,0,0,0,0,0,0,0,0,1
4 000 000 ₽,7,"4,00%",100 329 ₽,2 100 329 ₽,"1,50%",,0,0,0,0,0,0,0,0,0,0,0,0,0,0,0,0,0,0,0,0,0,0
3 600 000 ₽,15,"4,00%",202 073 ₽,2 382 902 ₽,"10,00%",,0,0,0,0,0,0,1,0,0,0,0,0,0,0,0,0,0,0,0,0,0,0
2 000 000 ₽,10,"4,50%",78 244 ₽,1 489 820 ₽,"40,00%",,0,0,0,0,0,0,0,0,0,0,0,0,0,0,0,1,0,0,0,0,0,0
1 000 000 ₽,5,"4,90%",12 684 ₽,1 056 191 ₽,"1,50%",,0,0,0,0,0,0,0,0,0,0,0,0,0,0,0,1,0,0,0,0,0,0
6 000 000 ₽,13,"6,00%",110 750 ₽,6 718 246 ₽,"1,50%",,0,0,0,0,0,0,0,1,0,0,0,0,0,0,1,1,0,0,0,0,0,0
6 000 000 ₽,13,"5,00%",83 100 ₽,5 415 499 ₽,"1,50%",,0,0,0,0,0,0,1,0,0,0,0,0,0,0,0,0,0,0,0,0,0,0
1 000 000 ₽,15,"6,50%",101 473 ₽,384 070 ₽,"1,50%",,0,1,1,0,1,0,0,0,0,0,0,0,0,0,0,0,0,0,0,0,0,0
8 700 000 ₽,8,"2,15%",137 750 ₽,0 ₽,"1,50%",,0,0,0,0,0,1,0,0,0,0,0,0,0,0,0,0,0,0,0,1,0,0
3 000 000 ₽,8,"5,00%",74 243 ₽,2 177 312 ₽,"1,50%",,0,0,0,1,1,0,0,0,1,1,0,0,0,0,0,0,0,0,0,0,0,0
2 818 080 ₽,11,"4,60%",78 634 ₽,2 349 463 ₽,"100,00%",,0,0,0,0,0,0,1,0,0,0,0,0,0,0,0,0,0,0,0,0,0,0
3 000 000 ₽,9,"3,90%",63 831 ₽,3 391 299 ₽,"1,50%",,0,0,0,0,0,0,0,0,1,0,0,0,0,0,1,0,0,0,0,0,0,0
1 000 000 ₽,10,"6,00%",13 663 ₽,1 066 955 ₽,"1,50%",,1,0,0,1,0,0,0,0,0,0,0,0,0,0,1,0,0,0,0,0,0,0
1 500 000 ₽,13,"6,50%",84 197 ₽,992 876 ₽,"1,50%",,0,0,0,0,0,0,0,0,0,0,0,0,0,0,0,0,0,1,0,0,0,0
2 500 000 ₽,13,"5,00%",46 506 ₽,2 315 863 ₽,"10,00%",,0,0,0,0,0,1,0,0,1,0,0,0,0,0,0,0,0,0,0,0,0,0
5 000 000 ₽,12,"5,60%",0 ₽,5 702 652 ₽,"1,50%",,0,0,0,0,0,0,0,1,0,0,0,0,0,0,0,0,0,0,0,0,0,0
12 000 000 ₽,10,"4,77%",275 115 ₽,8 406 652 ₽,"10,00%",,0,0,0,0,0,0,1,0,0,0,0,0,0,0,0,0,0,0,0,0,0,0
1 000 000 ₽,14,"4,00%",32 264 ₽,994 652 ₽,"10,00%",,1,1,1,0,1,1,0,0,0,0,0,0,0,0,1,1,1,0,1,0,0,0
2 000 000 ₽,4,"5,50%",44 385 ₽,0 ₽,"0,00%",,0,0,0,0,0,1,0,1,1,0,0,0,0,0,0,0,0,0,0,0,0,0
1 000 000 ₽,8,"5,00%",17 646 ₽,921 566 ₽,"1,50%",,0,0,0,0,0,0,0,0,0,0,0,0,0,0,0,0,1,0,0,0,0,0
1 870 000 ₽,14,"6,50%",140 626 ₽,879 614 ₽,"1,50%",,0,0,0,0,0,0,0,1,0,0,0,0,0,0,0,0,0,0,0,0,0,0
2 500 000 ₽,8,"4,00%",0 ₽,3 112 689 ₽,"1,50%",,0,1,0,0,0,0,0,1,0,0,0,0,0,0,0,0,0,0,0,1,0,0
1 500 000 ₽,12,"4,00%",79 409 ₽,829 409 ₽,"1,50%",,0,0,0,0,0,1,0,0,1,0,0,0,0,0,1,0,0,0,0,0,0,0
1 500 000 ₽,13,"6,50%",76 104 ₽,1 152 209 ₽,"1,50%",,0,0,0,0,0,0,0,1,1,1,0,0,0,0,1,1,0,0,0,0,0,0
4 500 000 ₽,10,"6,00%",143 655 ₽,3 112 689 ₽,"1,50%",,0,0,0,0,0,0,0,0,0,0,0,0,0,0,0,0,0,0,0,0,0,0
6 500 000 ₽,5,"3,98%",127 688 ₽,1 885 529 ₽,"1,50%",,1,0,0,0,1,0,0,0,1,0,0,0,0,0,0,0,0,0,0,0,0,0
3 000 000 ₽,4,"5,50%",128 916 ₽,2 257 832 ₽,"1,50%",,0,1,0,0,1,1,1,1,1,0,0,0,0,0,1,1,0,0,1,0,0,0
4 000 000 ₽,15,"5,50%",0 ₽,4 608 835 ₽,"1,50%",,0,0,0,1,1,1,1,0,0,0,0,0,0,0,1,1,0,0,0,0,0,0
5 436 970 ₽,10,"4,00%",213 861 ₽,3 334 842 ₽,"1,50%",,0,0,0,0,0,1,1,0,0,0,0,0,0,0,0,0,0,0,0,0,0,0
2 030 000 ₽,14,"6,50%",87 233 ₽,1 527 799 ₽,"40,00%",,0,1,0,0,1,0,0,0,1,0,0,0,0,0,0,0,0,0,0,0,0,0
5 300 000 ₽,13,"5,50%",326 301 ₽,2 976 301 ₽,"1,50%",,0,0,0,0,0,0,0,1,0,0,0,0,0,0,0,1,0,0,0,1,0,0
1 500 000 ₽,17,"6,50%",140 530 ₽,570 265 ₽,"30,00%",,0,0,0,0,0,0,0,0,0,0,0,0,0,0,1,0,0,0,0,0,0,0
4 000 000 ₽,9,"4,50%",42 972 ₽,4 139 358 ₽,"1,50%",,0,0,0,0,0,0,0,0,0,0,1,0,0,0,0,1,0,0,0,0,0,0
3 500 000 ₽,5,"5,71%",163 831 ₽,2 932 262 ₽,"1,50%",,0,1,1,0,0,1,0,0,0,0,0,0,0,0,0,0,0,0,0,0,0,0
2 545 267 ₽,12,"6,00%",248 938 ₽,473 999 ₽,"1,50%",,0,0,0,0,0,1,1,1,0,0,0,0,0,0,0,0,0,0,0,0,0,0
6 000 000 ₽,9,"5,00%",236 143 ₽,3 830 600 ₽,"1,50%",,0,0,0,0,0,1,0,0,0,0,0,0,0,0,1,0,0,0,1,0,0,0
6 550 000 ₽,5,"5,00%",298 473 ₽,3 272 740 ₽,"1,50%",,0,0,0,0,0,0,0,0,1,0,0,0,0,0,0,1,0,0,0,0,1,0
5 000 000 ₽,9,"6,00%",333 866 ₽,1 833 600 ₽,"1,50%",,0,0,0,0,0,0,0,0,1,0,0,0,0,0,1,0,0,0,0,0,0,0
5 000 000 ₽,8,"5,10%",236 814 ₽,1 925 280 ₽,"10,00%",,0,0,1,0,1,1,1,0,0,0,0,0,0,0,0,1,0,0,0,0,0,0
2 330 000 ₽,15,"6,50%",130 786 ₽,1 542 267 ₽,"1,50%",,0,0,0,1,0,0,0,0,0,0,0,0,0,0,0,0,0,0,0,0,0,0
1 834 182 ₽,13,"5,94%",188 206 ₽,343 338 ₽,"1,50%",,0,0,0,0,0,0,0,0,0,0,0,0,0,0,0,0,0,0,0,0,0,0
2 830 000 ₽,17,"5,50%",66 284 ₽,2 689 751 ₽,"10,00%",,0,0,0,0,0,1,0,1,0,0,0,0,0,0,1,1,0,1,1,1,0,0
6 200 000 ₽,5,"2,91%",141 206 ₽,5 476 868 ₽,"1,50%",,0,0,0,0,0,0,0,0,1,0,0,0,0,0,0,1,0,0,0,0,0,0
5 000 000 ₽,13,"5,50%",186 023 ₽,3 705 380 ₽,"40,00%",,0,0,0,0,0,1,0,1,1,0,0,0,0,0,0,0,0,0,0,0,0,0
1 000 000 ₽,3,"6,00%",62 325 ₽,270 775 ₽,"1,50%",,0,0,0,1,0,0,0,0,0,0,0,0,0,0,1,0,0,0,0,0,0,0
3 500 000 ₽,10,"6,20%",79 756 ₽,4 085 647 ₽,"1,50%",,0,0,0,0,0,0,0,0,0,0,0,0,0,0,0,0,0,0,0,0,0,0
3 000 000 ₽,12,"4,50%",188 914 ₽,1 094 457 ₽,"1,50%",,0,0,0,0,0,0,0,0,0,0,0,0,0,0,0,0,0,0,0,0,0,0
3 000 000 ₽,11,"5,30%",128 916 ₽,2 257 832 ₽,"1,50%",,0,0,0,0,1,1,0,1,0,0,0,0,0,0,1,0,0,0,0,0,0,0
855 744 ₽,15,"6,08%",19 214 ₽,0 ₽,"0,00%",,0,0,0,0,0,0,0,0,0,1,0,0,0,0,1,0,0,0,0,0,0,0
1 500 000 ₽,12,"3,00%",44 385 ₽,0 ₽,"10,00%",,0,0,0,0,0,1,0,0,1,0,0,0,0,0,0,0,0,0,0,0,0,0
1 500 000 ₽,8,"4,20%",0 ₽,1 737 108 ₽,"1,50%",,0,0,0,1,0,0,0,0,0,0,0,0,0,0,0,0,0,0,0,0,0,0
1 050 000 ₽,13,"6,50%",97 662 ₽,0 ₽,"0,00%",,0,0,0,1,0,0,0,0,0,0,0,0,0,0,1,0,0,0,0,0,0,0
1 000 000 ₽,13,"5,70%",13 663 ₽,1 066 955 ₽,"1,50%",,0,0,0,1,0,1,0,0,0,0,0,0,0,0,0,1,0,0,0,0,0,0
1 200 000 ₽,13,"5,80%",98 506 ₽,449 253 ₽,"1,50%",,0,0,0,0,0,1,0,1,0,0,0,0,0,0,0,1,0,0,0,0,0,0
5 000 000 ₽,4,"5,50%",173 124 ₽,3 159 041 ₽,"1,50%",,0,0,0,0,0,0,0,0,1,0,0,0,0,0,1,0,0,0,0,0,0,0
6 002 440 ₽,10,"5,03%",205 085 ₽,4 246 263 ₽,"1,50%",,0,0,0,0,1,0,0,1,0,0,0,0,0,0,0,0,0,0,0,0,0,0
7 000 000 ₽,3,"3,30%",123 516 ₽,0 ₽,"0,00%",,0,0,0,0,0,0,0,0,0,0,0,0,0,0,0,0,0,0,0,0,0,0
1 000 000 ₽,7,"5,10%",13 663 ₽,1 066 955 ₽,"1,50%",,0,1,0,1,0,0,1,0,0,0,0,1,0,0,1,1,0,0,1,0,0,0
5 000 000 ₽,9,"6,00%",292 133 ₽,2 292 000 ₽,"1,50%",,0,0,0,0,0,0,0,0,0,0,0,0,0,0,0,1,0,0,0,0,0,0
3 160 000 ₽,12,"5,00%",146 959 ₽,2 049 075 ₽,"1,50%",,0,0,0,0,0,0,0,1,0,0,0,0,0,0,1,0,0,0,0,0,0,0
2 000 000 ₽,14,"6,50%",67 358 ₽,1 702 073 ₽,"1,50%",,0,0,0,0,0,0,0,0,0,0,0,0,0,0,0,0,0,0,0,0,0,0
3 000 000 ₽,6,"2,50%",132 609 ₽,0 ₽,"0,00%",,0,0,0,0,0,0,0,1,0,0,0,0,0,0,1,0,0,0,1,0,0,0
6 000 000 ₽,4,"3,00%",215 422 ₽,3 215 422 ₽,"1,50%",,0,0,0,0,0,0,1,0,1,0,0,0,0,0,0,1,0,0,0,0,0,0
3 610 000 ₽,15,"6,50%",220 152 ₽,2 414 047 ₽,"1,50%",,0,0,0,0,0,0,0,1,0,0,0,0,0,0,1,1,0,0,0,0,0,0
500 000 ₽,10,"3,50%",8 389 ₽,0 ₽,"0,00%",,0,0,0,0,1,0,0,1,0,1,0,0,0,0,0,0,0,0,0,0,0,0
3 490 000 ₽,5,"5,50%",157 666 ₽,1 566 785 ₽,"1,50%",,0,0,0,0,0,0,0,0,0,0,0,0,0,0,1,0,0,0,1,0,0,0
8 500 000 ₽,6,"4,50%",393 410 ₽,5 174 198 ₽,"1,50%",,0,0,0,0,0,0,0,0,0,0,1,0,0,0,0,0,0,0,0,0,0,0
1 000 000 ₽,14,"6,50%",109 771 ₽,286 590 ₽,"1,50%",,0,1,0,0,0,1,0,0,1,0,0,0,0,0,1,0,0,0,0,0,0,0
1 000 000 ₽,14,"5,50%",74 409 ₽,370 538 ₽,"1,50%",,0,0,1,1,1,1,0,0,0,0,0,0,0,0,1,0,0,0,0,0,0,0
500 000 ₽,13,"6,50%",30 492 ₽,334 355 ₽,"1,50%",,0,0,0,0,0,0,0,0,1,1,0,0,0,0,0,1,0,0,1,0,0,0
2 660 000 ₽,15,"5,50%",119 447 ₽,2 012 228 ₽,"10,00%",,0,0,0,0,0,0,0,0,0,0,0,0,0,0,0,1,0,0,1,0,0,0
2 000 000 ₽,11,"3,50%",29 469 ₽,1 392 270 ₽,"1,50%",,0,0,0,0,0,0,0,0,0,0,0,0,0,0,1,1,0,0,0,0,0,0
1 500 000 ₽,16,"5,24%",102 695 ₽,698 353 ₽,"10,00%",,0,0,0,0,0,1,0,0,0,0,0,0,0,0,0,0,0,0,0,0,0,0
6 000 000 ₽,14,"5,38%",203 562 ₽,2 880 522 ₽,"10,00%",,0,0,0,0,0,0,1,1,0,0,0,0,0,0,1,1,0,0,0,0,0,0
2 860 000 ₽,15,"6,50%",209 297 ₽,1 639 297 ₽,"10,00%",,0,0,0,0,0,0,1,0,1,0,0,0,0,0,1,0,0,0,0,1,0,0
500 000 ₽,11,"6,00%",24 394 ₽,382 121 ₽,"1,50%",,0,0,0,0,0,0,0,1,1,0,0,0,0,0,1,0,1,1,0,0,0,0
2 927 736 ₽,6,"6,00%",309 986 ₽,0 ₽,"30,00%",,0,0,0,0,0,1,0,0,0,0,0,0,0,0,0,0,0,0,0,0,0,0
5 000 000 ₽,8,"3,50%",221 014 ₽,0 ₽,"0,00%",,0,0,0,0,0,1,0,0,0,0,0,0,0,0,1,0,1,0,0,0,0,0
2 000 000 ₽,11,"6,00%",148 819 ₽,741 076 ₽,"1,50%",,0,0,0,0,1,0,0,0,0,0,0,0,0,1,0,0,0,0,0,0,0,0
4 000 000 ₽,8,"5,90%",56 615 ₽,4 289 434 ₽,"1,50%",,0,0,0,0,0,0,1,0,0,0,0,0,0,0,0,0,1,0,0,1,0,0
1 000 000 ₽,9,"5,30%",13 663 ₽,1 066 955 ₽,"1,50%",,0,0,0,1,0,0,0,1,0,0,0,0,0,0,1,1,0,0,0,1,0,0
11 400 000 ₽,8,"4,83%",424 504 ₽,9 142 604 ₽,"1,50%",,0,0,0,0,0,0,0,0,0,0,0,0,0,0,1,0,0,0,0,0,0,0
3 500 000 ₽,8,"5,00%",90 132 ₽,2 337 720 ₽,"1,50%",,0,0,0,0,0,0,0,0,0,1,0,0,0,0,1,0,1,0,0,0,0,0
7 800 000 ₽,3,"3,17%",407 474 ₽,3 655 130 ₽,"1,50%",,0,0,0,0,1,1,1,0,0,0,0,0,0,0,0,0,0,0,0,0,0,0
1 500 000 ₽,10,"6,00%",27 904 ₽,1 389 518 ₽,"1,50%",,0,0,0,0,0,0,1,0,0,0,0,0,0,0,1,0,0,0,0,0,0,0
2 250 000 ₽,18,"6,50%",48 180 ₽,2 592 479 ₽,"10,00%",,0,0,0,0,0,0,0,0,0,0,0,0,0,0,1,1,0,1,0,0,0,1
3 000 000 ₽,11,"4,88%",251 132 ₽,833 711 ₽,"40,00%",,0,0,0,0,0,0,0,0,0,0,1,0,0,1,1,0,0,0,0,0,0,0
3 500 000 ₽,10,"4,64%",176 737 ₽,2 461 838 ₽,"1,50%",,0,0,0,0,1,1,0,0,0,0,0,0,0,0,0,0,0,0,0,0,0,0
2 350 000 ₽,14,"6,50%",201 968 ₽,884 317 ₽,"1,50%",,0,0,1,0,0,0,0,0,0,0,0,0,0,0,0,0,0,0,0,0,0,0
5 000 000 ₽,9,"6,00%",292 133 ₽,0 ₽,"0,00%",,0,0,0,1,0,0,0,0,0,0,0,0,0,0,1,0,0,0,0,0,0,0
4 118 076 ₽,10,"5,61%",424 009 ₽,816 120 ₽,"1,50%",,0,0,0,0,0,0,0,1,1,0,0,0,0,0,1,0,0,0,0,0,0,0
3 550 000 ₽,13,"6,50%",218 560 ₽,1 993 560 ₽,"10,00%",,0,0,0,1,0,0,0,0,0,0,0,0,0,0,0,0,0,0,0,1,0,0
970 000 ₽,9,"6,00%",85 383 ₽,0 ₽,"0,00%",,0,0,0,0,1,1,1,0,1,0,0,0,0,0,0,0,0,1,0,0,0,0
500 000 ₽,13,"6,50%",30 783 ₽,280 783 ₽,"1,50%",,0,0,0,0,1,1,1,0,1,1,1,0,0,0,1,1,1,0,1,0,0,0
4 343 518 ₽,11,"5,19%",263 401 ₽,1 945 325 ₽,"40,00%",,0,0,0,0,0,0,0,0,0,0,0,0,0,0,0,1,0,0,0,0,0,0
10 080 000 ₽,7,"4,68%",310 696 ₽,7 645 529 ₽,"1,50%",,0,0,0,0,0,0,0,0,1,0,0,0,0,0,0,0,0,0,0,0,0,0
3 000 000 ₽,13,"6,00%",0 ₽,3 806 719 ₽,"1,50%",,0,1,1,0,1,0,0,1,1,0,0,0,0,0,0,0,0,0,1,0,0,0
2 260 000 ₽,15,"6,50%",137 824 ₽,1 511 287 ₽,"10,00%",,0,0,0,0,0,0,0,1,0,0,0,0,0,0,0,1,0,0,0,0,0,0
1 000 000 ₽,16,"6,50%",63 420 ₽,672 122 ₽,"1,50%",,0,0,0,0,0,0,0,0,0,0,0,0,0,0,0,0,0,0,0,0,0,0
1 000 000 ₽,12,"4,10%",13 173 ₽,1 061 566 ₽,"1,50%",,0,1,0,0,0,1,0,1,0,0,0,0,0,0,1,0,0,0,1,0,0,1
1 000 000 ₽,18,"5,50%",56 131 ₽,661 917 ₽,"1,50%",,0,0,0,0,0,0,0,0,0,1,0,0,0,1,1,1,0,0,0,0,0,0
2 040 000 ₽,14,"6,50%",68 705 ₽,1 736 114 ₽,"1,50%",,0,0,0,0,0,0,0,1,1,0,1,0,0,0,0,0,0,0,0,0,0,0
500 000 ₽,15,"6,50%",11 711 ₽,475 221 ₽,"1,50%",,0,0,0,0,0,1,0,1,1,0,0,0,0,0,0,0,0,0,1,0,0,1
3 000 000 ₽,15,"5,83%",83 483 ₽,2 721 640 ₽,"40,00%",,0,0,0,0,1,1,0,1,0,0,0,0,0,0,0,0,0,0,0,0,0,0
4 000 000 ₽,12,"6,00%",117 171 ₽,3 919 187 ₽,"1,50%",,0,0,0,0,0,1,0,1,0,0,0,0,0,0,1,0,0,0,0,0,0,0
2 960 000 ₽,12,"6,00%",144 751 ₽,1 929 317 ₽,"10,00%",,0,0,0,0,0,1,0,0,1,0,0,0,0,0,0,0,0,0,0,0,0,0
11 200 000 ₽,11,"5,21%",52 939 ₽,12 809 165 ₽,"0,00%",,0,0,0,0,0,0,0,0,0,0,0,0,0,0,0,0,0,0,0,0,0,0
10 000 000 ₽,11,"2,95%",202 163 ₽,4 475 705 ₽,"1,50%",,0,0,0,0,0,0,0,0,0,0,1,0,0,0,1,0,0,0,0,0,0,0
2 500 000 ₽,13,"5,96%",95 187 ₽,1 270 030 ₽,"1,50%",,0,0,0,0,0,1,0,1,0,0,0,0,0,1,0,0,0,0,0,0,0,0
1 500 000 ₽,13,"6,50%",52 699 ₽,1 283 097 ₽,"1,50%",,0,0,0,0,1,0,0,1,1,0,0,0,0,0,1,0,0,0,0,0,0,0
3 000 000 ₽,17,"6,00%",67 358 ₽,0 ₽,"0,00%",,0,0,0,0,0,0,0,0,0,0,0,0,0,0,1,1,0,0,0,0,0,0
2 000 000 ₽,10,"5,00%",0 ₽,2 281 061 ₽,"1,50%",,0,0,1,0,1,1,0,0,1,0,0,0,0,0,1,0,0,1,1,0,0,0
8 800 000 ₽,14,"5,34%",349 029 ₽,5 984 811 ₽,"1,50%",,0,0,0,0,0,1,0,1,0,0,0,0,0,0,0,0,0,0,0,0,0,0
1 320 000 ₽,15,"6,50%",118 549 ₽,499 275 ₽,"30,00%",,0,0,0,0,0,0,0,0,1,0,0,0,0,0,0,0,0,0,0,0,0,0
5 020 000 ₽,13,"5,52%",281 779 ₽,3 322 824 ₽,"10,00%",,0,0,0,0,1,1,0,0,0,0,0,0,0,0,0,0,0,0,0,0,0,0
1 500 000 ₽,9,"4,00%",110 963 ₽,272 193 ₽,"1,50%",,0,0,0,0,0,0,0,1,0,0,0,0,0,0,0,0,0,0,0,0,0,0
1 340 000 ₽,15,"6,50%",90 259 ₽,760 259 ₽,"1,50%",,0,0,0,0,0,1,0,1,0,0,0,0,0,0,1,0,0,0,0,0,0,0
1 000 000 ₽,15,"6,50%",63 420 ₽,0 ₽,"30,00%",,0,1,0,0,0,0,0,0,1,0,1,0,1,0,0,0,0,0,1,0,0,0
1 570 000 ₽,14,"6,50%",118 065 ₽,738 499 ₽,"1,50%",,0,0,0,0,0,1,0,1,0,0,0,0,0,0,0,1,0,0,1,0,0,0
6 000 000 ₽,11,"3,50%",201 324 ₽,0 ₽,"0,00%",,0,0,0,0,0,0,0,0,0,0,0,1,0,0,1,1,0,0,0,0,0,0
1 800 000 ₽,14,"5,40%",84 318 ₽,1 368 637 ₽,"1,50%",,0,0,0,0,0,1,0,1,0,0,0,0,0,0,0,1,0,0,0,0,0,0
3 010 000 ₽,15,"5,70%",0 ₽,3 965 145 ₽,"1,50%",,0,0,0,0,0,0,0,0,0,0,0,0,0,0,0,1,0,0,0,0,0,0
1 003 776 ₽,14,"6,50%",107 836 ₽,188 863 ₽,"1,50%",,0,0,0,0,0,0,0,0,1,0,0,0,0,0,0,0,0,0,0,0,0,0
5 000 000 ₽,11,"6,00%",372 047 ₽,1 852 690 ₽,"1,50%",,0,0,0,0,0,0,0,1,0,0,0,0,0,0,1,0,0,1,0,0,0,0
4 133 825 ₽,12,"4,40%",70 336 ₽,0 ₽,"0,00%",,0,0,0,0,0,0,0,0,0,0,0,0,0,0,0,0,0,0,0,0,0,0
2 200 000 ₽,15,"6,50%",26 833 ₽,0 ₽,"0,00%",,0,0,0,0,1,1,0,1,0,0,0,0,0,0,0,0,0,0,0,0,0,0
2 440 000 ₽,13,"6,50%",114 298 ₽,1 855 263 ₽,"1,50%",,0,0,0,0,0,0,0,0,1,0,0,0,0,0,1,0,0,0,0,0,0,0
5 300 000 ₽,11,"4,50%",176 949 ₽,3 887 232 ₽,"1,50%",,0,0,0,0,0,1,1,0,0,0,0,0,0,0,0,0,0,0,1,0,0,0
2 000 000 ₽,10,"4,50%",150 240 ₽,550 080 ₽,"1,50%",,0,1,1,0,1,1,0,0,0,0,0,0,0,0,0,0,0,0,0,0,0,0
800 000 ₽,13,"6,50%",41 044 ₽,524 129 ₽,"1,50%",,0,0,0,0,0,1,0,1,0,0,0,0,0,0,1,0,0,0,1,0,0,0
600 000 ₽,17,"3,00%",25 040 ₽,385 056 ₽,"1,50%",,0,0,0,0,0,1,0,0,0,0,0,0,0,0,1,0,0,0,0,0,0,0
2 000 000 ₽,15,"5,90%",26 345 ₽,2 123 132 ₽,"1,50%",,0,0,1,0,1,1,0,0,0,0,0,0,0,0,0,1,0,0,1,0,0,0
3 000 000 ₽,9,"6,00%",175 280 ₽,1 375 200 ₽,"1,50%",,0,0,0,0,0,1,0,1,0,0,0,0,0,0,0,0,0,0,1,0,0,0
3 000 000 ₽,12,"6,00%",205 389 ₽,1 396 707 ₽,"1,50%",,0,0,0,0,0,1,0,1,0,0,0,0,0,0,1,0,0,0,1,0,0,0
2 000 000 ₽,12,"4,75%",111 614 ₽,1 111 614 ₽,"1,50%",,0,0,0,0,0,1,0,0,1,0,0,0,0,0,1,0,0,0,0,0,0,0
500 000 ₽,13,"3,50%",7 189 ₽,452 611 ₽,"1,50%",,0,0,0,0,1,1,0,1,0,0,0,0,0,0,1,1,0,0,1,0,0,0
3 470 000 ₽,13,"6,50%",44 014 ₽,3 664 984 ₽,"1,50%",,0,0,0,0,0,0,0,1,1,0,0,0,0,0,0,0,0,0,0,0,0,0
4 000 000 ₽,8,"6,00%",251 885 ₽,1 459 276 ₽,"1,50%",,0,0,0,0,0,0,0,1,1,0,0,0,0,0,0,0,0,0,0,0,0,0
500 000 ₽,13,"6,50%",12 197 ₽,477 651 ₽,"100,00%",,0,0,0,0,0,0,0,0,1,0,0,0,0,0,1,1,0,0,1,0,0,0
3 230 000 ₽,15,"5,90%",50 502 ₽,3 516 358 ₽,"1,50%",,0,0,0,0,0,1,0,1,0,0,0,0,0,0,0,0,0,0,1,0,0,0
6 000 000 ₽,11,"5,00%",105 879 ₽,5 529 395 ₽,"1,50%",,0,0,0,0,0,1,0,1,1,0,0,0,0,0,0,0,0,0,0,0,0,1
1 620 000 ₽,14,"5,00%",104 203 ₽,290 841 ₽,"1,50%",,0,0,0,0,0,1,0,1,0,0,0,0,0,0,0,0,0,0,1,0,0,0
3 000 000 ₽,13,"6,00%",92 349 ₽,2 527 048 ₽,"1,50%",,0,0,0,0,1,0,0,0,0,0,0,0,0,0,1,1,0,1,1,0,0,0
2 000 000 ₽,13,"5,00%",100 160 ₽,1 100 160 ₽,"1,50%",,0,0,0,0,0,1,0,0,1,0,1,0,0,0,1,0,0,0,1,0,0,0
3 000 000 ₽,18,"6,50%",228 313 ₽,1 728 313 ₽,"1,50%",,0,0,0,0,0,0,0,1,0,1,0,0,0,0,1,0,0,0,1,0,0,0
2 880 000 ₽,14,"5,72%",172 254 ₽,1 360 820 ₽,"1,50%",,0,0,0,0,1,1,0,0,1,0,0,0,0,0,0,0,0,0,0,0,0,0
18 947 387 ₽,10,"4,12%",494 867 ₽,18 377 685 ₽,"1,50%",,0,0,0,0,0,1,0,0,0,0,0,0,0,0,1,0,0,0,1,0,0,0
2 000 000 ₽,14,"6,50%",93 687 ₽,1 520 707 ₽,"1,50%",,0,0,0,0,0,0,0,0,0,0,1,0,0,0,1,0,0,0,0,0,0,0
3 500 000 ₽,15,"6,50%",81 976 ₽,3 326 547 ₽,"1,50%",,0,0,0,0,0,1,0,1,1,0,0,0,0,0,0,0,0,0,0,0,0,0
2 350 000 ₽,12,"5,35%",131 318 ₽,1 140 530 ₽,"1,50%",,0,0,0,0,1,0,0,0,0,0,0,0,0,0,0,0,0,0,0,0,0,0
3 160 000 ₽,15,"6,23%",126 134 ₽,2 726 861 ₽,"1,50%",,0,0,0,0,0,1,0,1,0,0,0,0,0,0,1,1,0,0,1,0,0,0
2 000 000 ₽,14,"6,20%",72 971 ₽,1 276 555 ₽,"1,50%",,0,0,0,0,0,1,0,0,0,0,0,0,0,0,1,1,0,0,1,0,0,0
950 000 ₽,17,"6,50%",69 522 ₽,544 522 ₽,"30,00%",,0,0,0,0,0,1,0,0,0,0,0,0,0,0,1,0,0,1,0,0,0,0
3 000 000 ₽,10,"5,16%",246 265 ₽,1 123 133 ₽,"1,50%",,0,0,0,0,0,0,0,0,1,0,0,0,0,0,1,0,1,0,1,0,0,0
1 400 690 ₽,16,"6,50%",164 033 ₽,266 255 ₽,"1,50%",,0,0,0,0,0,1,0,0,1,1,0,0,0,0,0,0,0,0,0,0,0,0
7 410 000 ₽,10,"3,50%",205 256 ₽,5 350 513 ₽,"1,50%",,0,0,0,0,0,0,0,0,0,0,0,0,0,0,0,0,0,0,0,0,0,0
3 180 000 ₽,16,"6,50%",204 976 ₽,1 794 976 ₽,"1,50%",,0,0,0,0,0,1,0,1,1,0,0,0,0,0,0,0,0,0,0,0,0,0
7 000 000 ₽,7,"5,80%",192 258 ₽,8 531 502 ₽,"1,50%",,0,0,0,0,0,1,0,0,0,0,0,0,0,0,1,1,0,0,0,0,0,0
1 130 000 ₽,17,"5,80%",110 259 ₽,431 796 ₽,"10,00%",,0,0,0,0,0,0,0,1,0,0,0,0,0,0,1,0,0,1,0,0,0,0
5 300 000 ₽,15,"5,55%",188 779 ₽,4 425 085 ₽,"30,00%",,0,0,0,0,0,1,0,1,0,0,0,0,0,0,1,0,0,0,0,0,0,0
990 000 ₽,15,"5,66%",44 456 ₽,748 912 ₽,"40,00%",,0,1,1,0,1,0,0,0,0,0,0,0,0,0,0,0,0,0,0,0,0,0
2 000 000 ₽,15,"6,50%",146 362 ₽,1 146 362 ₽,"10,00%",,0,0,0,0,0,1,0,1,0,0,0,0,0,1,1,1,0,0,0,0,0,0
2 730 000 ₽,17,"6,50%",50 391 ₽,3 056 802 ₽,"1,50%",,0,0,0,0,0,1,0,1,0,0,0,0,0,0,1,0,0,0,0,0,0,0
2 000 000 ₽,14,"5,80%",31 271 ₽,2 177 312 ₽,"1,50%",,0,0,0,0,0,1,0,1,0,0,0,0,0,0,0,0,1,0,0,0,0,1
1 560 000 ₽,15,"6,50%",95 135 ₽,1 043 189 ₽,"1,50%",,0,0,0,0,0,0,0,1,0,0,0,0,0,1,0,0,0,0,0,0,0,0
2 000 000 ₽,13,"6,50%",46 843 ₽,1 900 884 ₽,"1,50%",,0,0,0,0,0,1,1,1,1,0,0,0,0,0,1,1,0,0,0,0,0,0
800 000 ₽,12,"2,25%",16 977 ₽,0 ₽,"0,00%",,0,0,0,0,0,0,0,0,0,0,0,0,0,0,0,0,0,0,1,0,0,0
1 400 000 ₽,8,"5,67%",49 117 ₽,270 775 ₽,"1,50%",,0,0,0,0,0,0,0,0,1,0,0,0,0,0,0,0,0,0,0,0,0,0
8 900 000 ₽,16,"4,23%",358 680 ₽,7 695 508 ₽,"40,00%",,0,0,0,0,0,1,0,0,1,0,0,0,0,0,0,0,0,0,0,0,0,0
3 000 000 ₽,12,"2,13%",96 892 ₽,0 ₽,"0,00%",,0,0,0,0,0,0,0,1,1,0,0,0,0,0,1,0,0,0,0,0,0,0
1 500 000 ₽,14,"6,50%",35 133 ₽,1 425 663 ₽,"1,50%",,0,0,0,0,0,1,0,1,0,0,0,0,0,0,1,1,0,0,1,0,0,0
1 250 000 ₽,13,"4,00%",15 855 ₽,1 320 239 ₽,"1,50%",,0,0,0,0,0,0,0,0,0,0,0,0,0,0,0,0,1,0,0,0,0,0
4 000 000 ₽,17,"6,50%",218 601 ₽,3 103 869 ₽,"1,50%",,0,0,0,0,0,0,0,0,0,0,0,1,0,0,1,1,0,0,0,0,0,0
2 870 000 ₽,15,"5,66%",176 695 ₽,1 611 695 ₽,"1,50%",,0,0,0,0,0,0,0,0,0,0,0,0,0,0,0,0,0,0,0,0,0,0
3 000 000 ₽,13,"5,00%",195 325 ₽,1 389 518 ₽,"1,50%",,0,0,0,0,0,1,1,1,0,0,0,0,0,0,0,0,0,0,1,0,0,0
1 000 000 ₽,18,"5,00%",28 308 ₽,974 871 ₽,"1,50%",,0,0,0,0,0,1,0,0,1,0,0,0,0,0,0,0,0,0,0,0,0,0
3 672 000 ₽,15,"6,00%",164 891 ₽,2 777 783 ₽,"1,50%",,0,0,0,0,0,0,0,1,0,0,0,0,0,0,0,0,0,0,0,0,0,0
2 550 000 ₽,17,"5,50%",78 497 ₽,2 147 991 ₽,"10,00%",,0,0,0,0,0,0,0,0,0,0,0,0,0,0,0,1,0,0,0,0,0,0
1 550 000 ₽,15,"5,15%",78 086 ₽,875 396 ₽,"1,50%",,0,0,0,0,0,1,0,1,0,0,0,0,0,0,0,0,0,0,0,0,0,0
500 000 ₽,14,"6,50%",30 492 ₽,334 355 ₽,"1,50%",,0,0,0,0,0,0,0,1,0,0,0,1,0,0,1,1,0,0,1,0,0,0
3 000 000 ₽,9,"3,00%",133 155 ₽,1 633 155 ₽,"1,50%",,0,0,0,0,0,0,0,1,1,0,0,0,0,0,0,0,0,0,1,0,0,0
3 000 000 ₽,12,"3,00%",223 228 ₽,1 111 614 ₽,"10,00%",,0,0,0,0,1,0,0,0,0,0,0,0,0,0,0,0,0,0,1,0,0,0
2 500 000 ₽,14,"4,96%",146 386 ₽,1 663 274 ₽,"1,50%",,0,0,0,0,0,1,0,0,0,0,0,0,0,0,1,0,0,0,1,0,0,0
6 000 000 ₽,10,"5,00%",105 879 ₽,0 ₽,"0,00%",,0,0,0,0,0,0,0,0,0,0,0,0,0,0,1,1,0,0,0,0,0,0
2 000 000 ₽,8,"5,20%",62 542 ₽,1 979 374 ₽,"1,50%",,0,0,0,0,0,1,0,1,0,0,0,0,0,0,0,0,1,0,1,1,0,0
2 000 000 ₽,7,"4,74%",52 939 ₽,1 658 818 ₽,"1,50%",,0,0,0,0,0,1,0,0,0,0,0,0,0,0,0,1,0,0,0,0,0,0
2 000 000 ₽,11,"4,50%",0 ₽,2 304 418 ₽,"1,50%",,0,1,1,0,1,0,0,0,1,0,0,0,0,0,1,1,0,0,1,1,0,0
2 050 000 ₽,15,"6,50%",150 021 ₽,1 175 021 ₽,"10,00%",,0,0,0,0,0,0,0,0,0,0,0,0,0,0,1,0,0,0,0,0,0,0
7 000 000 ₽,8,"5,70%",266 311 ₽,3 352 096 ₽,"1,50%",,0,0,0,0,0,0,0,0,0,0,0,1,0,0,0,1,0,0,0,0,0,0
1 168 269 ₽,13,"5,94%",119 877 ₽,218 687 ₽,"1,50%",,0,0,0,0,0,1,0,0,0,0,0,0,0,0,0,0,0,0,0,0,0,0
3 000 000 ₽,11,"4,00%",200 320 ₽,1 100 160 ₽,"1,50%",,0,0,0,0,0,1,0,1,0,0,0,0,0,0,1,0,0,0,0,0,0,0
500 000 ₽,16,"6,50%",12 197 ₽,477 651 ₽,"1,50%",,0,0,0,0,1,0,0,0,0,0,0,0,0,0,0,0,0,0,1,0,0,0
600 000 ₽,10,"4,88%",33 679 ₽,397 150 ₽,"1,50%",,0,0,0,0,0,1,0,0,1,1,0,0,0,0,0,0,0,0,0,0,0,0
1 000 000 ₽,12,"6,00%",58 683 ₽,558 683 ₽,"1,50%",,0,0,0,0,1,1,0,1,1,0,0,0,0,0,0,1,0,0,1,0,0,0
1 820 000 ₽,18,"6,50%",0 ₽,2 129 119 ₽,"100,00%",,0,0,0,0,0,1,0,0,0,0,0,0,0,0,0,0,0,0,0,0,0,0
800 000 ₽,15,"5,00%",61 750 ₽,0 ₽,"1,50%",,0,0,0,0,0,0,0,0,1,0,0,0,0,0,1,0,0,0,0,0,0,0
1 500 000 ₽,11,"4,00%",23 614 ₽,0 ₽,"10,00%",,0,0,0,0,0,1,0,1,0,0,0,0,0,0,1,0,0,0,1,0,0,0
2 000 000 ₽,11,"6,80%",59 049 ₽,2 482 870 ₽,"1,50%",,0,1,0,0,0,1,0,1,0,0,0,0,0,0,1,1,1,0,0,1,0,1
2 000 000 ₽,14,"6,50%",67 358 ₽,1 702 073 ₽,"1,50%",,0,0,0,0,0,0,0,0,0,0,1,0,0,0,1,0,0,0,0,1,0,0
1 950 000 ₽,16,"6,50%",98 936 ₽,1 497 871 ₽,"1,50%",,0,0,0,0,0,0,0,1,1,0,0,0,0,0,1,0,0,0,0,0,0,0
1 000 000 ₽,15,"8,30%",15 635 ₽,1 088 656 ₽,"1,50%",,0,0,0,0,0,0,0,0,1,0,0,0,0,0,0,0,0,0,0,1,0,0
590 000 ₽,18,"6,50%",15 544 ₽,569 385 ₽,"1,50%",,0,0,0,0,0,1,0,1,0,0,0,0,0,0,0,0,0,0,1,0,0,0
2 000 000 ₽,13,"5,80%",34 943 ₽,2 192 985 ₽,"1,50%",,0,0,0,0,0,1,0,1,0,1,1,0,1,1,1,1,0,0,0,0,0,0
3 000 000 ₽,16,"3,00%",135 529 ₽,1 346 807 ₽,"1,50%",,0,0,0,0,0,0,0,1,0,0,0,0,0,0,1,0,0,0,1,0,0,0
2 500 000 ₽,11,"4,00%",31 710 ₽,2 640 479 ₽,"1,50%",,0,1,0,0,1,1,0,1,0,0,0,0,0,0,1,1,1,0,0,0,0,0
7 000 000 ₽,8,"3,50%",95 638 ₽,7 468 684 ₽,"1,50%",,0,0,0,0,0,0,0,0,0,0,0,0,0,0,1,0,0,1,0,0,1,0
2 200 000 ₽,17,"6,50%",83 715 ₽,1 901 145 ₽,"1,50%",,0,0,0,0,1,1,0,1,0,0,0,0,0,0,1,1,0,0,0,0,0,0
1 000 000 ₽,13,"5,70%",15 140 ₽,1 083 209 ₽,"1,50%",,0,0,0,0,0,1,0,1,0,0,0,0,0,0,1,1,1,0,0,0,0,0
4 090 000 ₽,12,"3,50%",193 165 ₽,2 238 165 ₽,"1,50%",,0,0,0,0,0,0,0,1,0,0,0,0,0,0,0,0,0,0,1,1,0,0
500 000 ₽,18,"5,50%",7 077 ₽,536 179 ₽,"1,50%",,0,0,0,0,1,0,0,0,1,0,0,0,0,0,0,0,0,0,0,0,0,0
8 640 000 ₽,9,"2,24%",262 219 ₽,0 ₽,"0,00%",,0,0,0,0,0,1,0,0,1,0,0,0,0,0,1,0,0,0,0,0,0,0
1 460 000 ₽,16,"4,00%",119 685 ₽,693 823 ₽,"1,50%",,0,0,0,0,0,0,0,0,0,0,0,0,0,0,1,1,0,0,1,0,0,0
6 000 000 ₽,8,"4,00%",124 650 ₽,4 873 949 ₽,"1,50%",,0,0,0,0,0,0,0,1,0,0,0,0,0,0,1,1,0,0,1,0,0,0
1 180 000 ₽,18,"5,50%",80 609 ₽,801 186 ₽,"1,50%",,0,0,0,0,0,0,0,0,0,0,0,0,0,0,0,1,0,0,0,0,0,0
1 500 000 ₽,12,"6,00%",52 699 ₽,1 283 097 ₽,"1,50%",,0,0,0,0,1,1,0,1,1,0,0,0,0,0,1,0,0,0,0,0,0,1
1 720 045 ₽,14,"6,50%",193 097 ₽,325 294 ₽,"1,50%",,0,1,0,0,1,1,0,1,1,0,0,0,0,0,0,0,0,0,0,0,0,0
2 730 000 ₽,13,"6,50%",168 076 ₽,1 533 076 ₽,"1,50%",,0,0,0,0,0,0,0,1,0,0,0,0,0,0,1,0,0,1,0,0,0,0
2 500 000 ₽,14,"6,50%",214 860 ₽,0 ₽,"0,00%",,0,0,0,0,0,0,0,1,1,0,0,0,0,0,0,0,1,0,1,0,0,0
4 990 000 ₽,10,"3,24%",300 685 ₽,1 347 728 ₽,"40,00%",,0,0,0,0,0,0,0,0,1,0,0,0,0,0,0,0,0,0,0,0,0,0
3 000 000 ₽,10,"5,00%",125 200 ₽,1 925 280 ₽,"1,50%",,0,0,0,0,0,1,0,1,0,0,0,0,0,0,1,0,0,0,1,0,0,0
4 000 000 ₽,13,"5,50%",164 177 ₽,2 995 020 ₽,"10,00%",,0,0,0,0,0,0,0,0,1,0,1,0,0,0,0,0,0,0,0,0,0,0
2 000 000 ₽,14,"4,50%",74 409 ₽,1 482 152 ₽,"1,50%",,0,0,0,0,0,0,0,1,0,0,0,0,0,0,1,1,0,0,0,0,0,0
500 000 ₽,11,"6,00%",35 914 ₽,233 986 ₽,"1,50%",,1,0,0,0,1,1,0,1,1,0,0,0,0,0,0,0,0,0,1,0,0,0
4 100 000 ₽,10,"6,00%",217 052 ₽,2 267 052 ₽,"1,50%",,0,0,0,0,0,0,1,1,0,0,0,0,0,0,1,0,0,0,0,0,0,0
1 600 000 ₽,17,"6,50%",154 699 ₽,451 566 ₽,"10,00%",,0,0,0,0,0,0,0,0,1,0,0,0,0,0,0,0,0,0,0,0,0,0
5 000 000 ₽,14,"5,50%",244 511 ₽,3 258 982 ₽,"1,50%",,0,0,0,0,1,0,1,0,0,0,0,0,0,0,1,0,0,0,0,0,0,0
4 310 000 ₽,13,"4,50%",160 352 ₽,3 194 038 ₽,"1,50%",,0,0,0,0,0,0,0,0,0,0,0,0,0,0,1,1,0,0,0,0,0,0
700 000 ₽,17,"5,35%",9 697 ₽,699 799 ₽,"1,50%",,0,0,0,0,0,1,0,0,1,0,0,0,0,0,0,0,0,0,0,0,0,0
1 000 000 ₽,14,"6,50%",53 715 ₽,658 534 ₽,"30,00%",,0,0,0,0,1,1,0,1,1,0,0,0,0,0,0,0,0,0,1,0,0,0
500 000 ₽,14,"6,50%",18 295 ₽,429 886 ₽,"100,00%",,0,0,0,0,0,1,0,0,1,1,0,0,0,0,0,0,0,0,0,0,0,0
1 090 000 ₽,17,"6,72%",42 259 ₽,751 769 ₽,"1,50%",,0,0,0,0,1,1,0,1,0,0,0,0,0,0,0,1,0,0,0,0,0,0
3 950 000 ₽,15,"4,92%",61 853 ₽,3 404 145 ₽,"1,50%",,0,0,0,0,0,0,0,0,0,0,0,0,0,0,1,0,0,0,0,0,0,0
1 580 000 ₽,16,"5,00%",113 487 ₽,739 396 ₽,"1,50%",,0,0,0,0,0,0,0,1,0,1,0,0,0,0,0,0,0,0,0,0,0,0
4 400 000 ₽,12,"4,16%",90 794 ₽,2 734 514 ₽,"1,50%",,0,0,0,0,0,0,0,0,0,1,0,0,0,0,1,1,0,0,1,0,0,0
3 620 000 ₽,15,"5,90%",56 600 ₽,3 940 934 ₽,"1,50%",,0,0,0,0,0,0,0,0,1,0,0,0,0,0,0,0,0,0,0,0,0,0
1 500 000 ₽,14,"5,50%",57 078 ₽,1 296 235 ₽,"1,50%",,0,0,0,0,0,1,0,1,1,0,0,0,0,0,1,0,0,1,0,0,0,0
1 550 000 ₽,15,"6,50%",94 525 ₽,1 036 502 ₽,"1,50%",,0,0,0,0,0,0,0,0,1,0,0,0,0,0,1,0,0,0,1,0,0,0
2 200 000 ₽,11,"6,00%",112 872 ₽,1 441 353 ₽,"1,50%",,0,0,0,0,1,1,0,1,0,0,0,0,0,0,0,0,0,0,0,0,0,0
1 000 000 ₽,13,"6,50%",117 109 ₽,190 088 ₽,"1,50%",,0,0,0,0,0,1,0,1,0,0,0,0,0,0,0,0,0,1,0,0,0,0
4 000 000 ₽,14,"4,50%",62 542 ₽,4 354 623 ₽,"1,50%",,0,0,0,0,0,0,0,1,0,0,0,0,0,0,1,1,1,0,0,0,0,0
1 950 000 ₽,17,"4,78%",93 546 ₽,621 224 ₽,"1,50%",,0,0,0,0,0,0,0,0,0,0,0,0,0,0,1,0,0,0,0,0,0,0
1 600 000 ₽,15,"6,50%",125 734 ₽,756 477 ₽,"1,50%",,0,0,0,0,0,1,0,0,0,0,0,0,0,0,1,0,0,0,1,0,0,0
800 000 ₽,18,"4,00%",14 117 ₽,0 ₽,"0,00%",,0,0,0,0,0,0,0,0,0,0,0,0,0,0,1,1,0,0,0,0,0,0
500 000 ₽,11,"6,00%",35 914 ₽,233 986 ₽,"1,50%",,0,0,0,0,0,0,0,0,0,0,0,1,0,0,1,1,0,1,1,0,0,0
1 000 000 ₽,15,"5,90%",13 173 ₽,1 061 566 ₽,"1,50%",,0,0,0,0,0,1,0,0,0,0,0,0,0,0,0,0,1,0,1,1,0,0
1 500 000 ₽,13,"6,50%",52 699 ₽,1 283 097 ₽,"40,00%",,0,1,0,0,0,0,0,0,0,0,0,0,0,0,1,1,0,0,1,0,0,0
1 500 000 ₽,16,"4,50%",75 120 ₽,825 120 ₽,"1,50%",,0,0,0,0,0,0,0,0,1,0,0,0,0,0,0,0,0,0,1,0,0,0
1 730 000 ₽,15,"6,50%",116 529 ₽,981 529 ₽,"1,50%",,0,0,0,0,0,1,0,1,0,1,0,0,0,0,1,0,0,0,0,0,0,0
1 670 000 ₽,17,"6,50%",168 731 ₽,473 744 ₽,"1,50%",,0,0,0,0,0,0,0,0,0,0,0,0,0,0,1,0,0,0,0,0,0,0
2 800 000 ₽,13,"5,50%",104 173 ₽,2 075 013 ₽,"1,50%",,0,0,0,0,0,1,0,1,0,0,0,0,0,0,0,0,0,0,1,0,0,0
4 960 000 ₽,15,"5,86%",88 788 ₽,5 072 429 ₽,"1,50%",,0,0,0,0,0,1,0,1,0,0,0,0,0,0,0,0,0,0,1,0,0,0
500 000 ₽,18,"4,50%",12 197 ₽,477 651 ₽,"1,50%",,0,0,0,0,0,1,0,0,1,0,0,0,0,0,1,1,0,1,1,0,1,0
2 723 124 ₽,15,"6,06%",143 573 ₽,1 702 073 ₽,"10,00%",,0,0,0,0,0,1,0,1,0,0,0,0,0,0,0,1,0,0,0,0,0,0
3 000 000 ₽,13,"5,97%",143 042 ₽,1 693 374 ₽,"1,50%",,0,0,0,0,0,1,1,0,0,0,0,0,0,0,0,0,0,1,0,0,0,0
4 330 000 ₽,13,"5,80%",218 367 ₽,2 562 118 ₽,"100,00%",,0,0,0,0,0,0,0,1,1,0,0,0,0,0,1,0,0,0,0,0,0,0
500 000 ₽,13,"6,50%",30 492 ₽,334 355 ₽,"1,50%",,0,0,0,0,0,1,0,1,1,0,0,1,0,0,0,1,0,0,1,0,0,0
520 000 ₽,14,"4,12%",0 ₽,590 052 ₽,"1,50%",,0,0,0,0,0,0,0,0,1,0,0,0,0,0,0,0,0,0,0,0,0,0
6 000 000 ₽,10,"6,00%",234 731 ₽,4 469 461 ₽,"1,50%",,0,0,0,0,0,0,0,0,0,0,0,0,0,0,0,0,0,1,0,0,0,0
1 790 000 ₽,10,"6,00%",49 947 ₽,1 492 342 ₽,"1,50%",,0,0,0,0,0,1,0,0,0,0,0,0,0,0,0,0,0,0,0,1,0,0
4 410 000 ₽,12,"4,00%",205 091 ₽,2 859 627 ₽,"1,50%",,0,0,0,0,0,0,0,0,0,0,0,0,0,0,0,0,0,0,1,0,0,0
2 500 000 ₽,14,"6,00%",77 685 ₽,1 931 264 ₽,"10,00%",,0,0,0,0,0,1,0,1,0,0,0,0,0,0,1,0,0,0,0,0,0,0
2 000 000 ₽,16,"6,50%",48 787 ₽,1 910 603 ₽,"1,50%",,0,0,0,0,0,1,0,0,1,0,1,0,0,0,0,0,0,0,0,1,0,0
2 790 000 ₽,14,"7,00%",0 ₽,3 641 300 ₽,"1,50%",,0,0,0,0,0,0,0,1,0,0,0,0,0,0,1,0,0,0,1,0,0,0
1 212 678 ₽,15,"6,50%",142 015 ₽,230 516 ₽,"1,50%",,0,0,0,0,0,0,0,0,0,1,0,0,0,0,0,0,0,1,0,0,0,0
500 000 ₽,18,"4,70%",7 442 ₽,453 875 ₽,"1,50%",,0,0,0,0,0,1,0,1,0,0,0,0,0,0,0,0,0,0,0,0,0,0
2 200 000 ₽,12,"5,00%",24 698 ₽,2 288 342 ₽,"1,50%",,0,0,0,0,0,0,0,0,0,0,0,0,0,1,0,0,0,0,0,0,0,0
2 200 000 ₽,15,"3,50%",22 109 ₽,0 ₽,"0,00%",,0,0,0,0,0,0,0,0,1,0,0,0,0,0,1,0,0,0,0,0,0,0
3 510 000 ₽,13,"6,00%",64 789 ₽,3 930 174 ₽,"1,50%",,0,0,0,0,0,0,0,0,0,0,0,0,0,0,0,1,0,0,0,0,0,0
500 000 ₽,17,"4,50%",20 522 ₽,374 378 ₽,"1,50%",,0,0,0,0,0,1,0,0,0,0,0,0,0,0,0,0,0,0,0,0,0,0
5 000 000 ₽,9,"2,00%",242 374 ₽,2 256 458 ₽,"1,50%",,0,0,0,0,0,1,0,1,0,0,0,0,0,0,1,0,0,0,0,0,0,0
3 500 000 ₽,13,"3,00%",175 280 ₽,1 925 280 ₽,"1,50%",,0,0,0,0,0,0,0,1,0,0,0,0,0,0,0,0,0,0,1,0,0,0
590 000 ₽,18,"6,20%",9 811 ₽,0 ₽,"0,00%",,0,1,0,0,0,1,0,1,1,0,0,0,0,0,1,0,0,0,0,1,0,0
520 000 ₽,18,"6,50%",72 553 ₽,49 929 ₽,"1,50%",,0,0,0,0,0,0,0,0,0,0,0,0,0,0,0,0,0,0,0,0,0,0
5 000 000 ₽,10,"6,00%",0 ₽,5 702 652 ₽,"1,50%",,0,0,0,0,0,0,0,0,0,0,0,0,0,0,1,1,0,0,1,0,0,0
2 500 000 ₽,13,"5,02%",101 473 ₽,1 728 313 ₽,"1,50%",,0,0,0,0,0,1,0,1,0,0,0,0,0,0,1,0,0,0,1,0,0,0
2 500 000 ₽,13,"5,00%",132 349 ₽,1 382 349 ₽,"1,50%",,0,0,0,0,0,0,0,0,0,0,0,0,0,0,1,1,0,0,1,0,0,0
5 000 000 ₽,8,"3,80%",73 779 ₽,6 058 172 ₽,"1,50%",,0,0,0,0,0,1,0,0,0,0,0,0,0,0,1,0,0,0,0,0,0,0
1 000 000 ₽,17,"6,50%",32 264 ₽,994 652 ₽,"10,00%",,0,0,0,0,1,1,0,0,0,0,0,0,0,0,0,0,0,0,0,1,0,0
975 548 ₽,13,"6,50%",109 518 ₽,0 ₽,"0,00%",,0,0,0,0,0,1,0,1,0,0,0,0,0,0,0,0,0,0,0,0,0,0
1 500 000 ₽,14,"6,50%",52 699 ₽,1 283 097 ₽,"1,50%",,0,0,0,0,1,0,0,1,0,0,0,0,0,0,1,1,0,0,0,0,0,0
2 000 000 ₽,12,"3,35%",0 ₽,2 087 286 ₽,"1,50%",,0,0,0,0,0,0,0,0,1,0,0,0,0,0,0,1,1,0,1,0,1,0
500 000 ₽,8,"6,00%",25 368 ₽,384 070 ₽,"1,50%",,0,0,0,0,0,0,0,0,0,0,0,0,0,0,1,1,0,1,1,1,0,0
1 700 000 ₽,18,"7,80%",67 431 ₽,1 959 519 ₽,"1,50%",,0,0,0,0,0,1,0,0,0,0,0,0,0,1,0,0,0,0,0,0,0,0
2 301 327 ₽,11,"6,00%",214 050 ₽,426 365 ₽,"10,00%",,0,0,0,0,0,1,0,1,1,0,0,0,0,0,0,0,0,0,0,0,0,0
1 770 000 ₽,16,"5,25%",95 075 ₽,1 165 606 ₽,"1,50%",,0,0,0,0,0,0,0,1,0,0,0,0,0,0,0,1,0,0,0,0,0,0
1 436 970 ₽,11,"6,50%",73 724 ₽,0 ₽,"0,00%",,0,0,0,0,0,0,0,0,1,0,0,0,0,0,0,0,0,0,0,0,0,0
2 490 000 ₽,14,"5,50%",138 960 ₽,0 ₽,"0,00%",,0,0,0,0,0,1,0,1,0,0,1,0,0,0,1,1,0,0,0,0,0,0
1 000 000 ₽,12,"5,60%",13 663 ₽,1 066 955 ₽,"1,50%",,0,0,0,0,0,1,0,1,1,0,0,0,0,0,1,0,0,0,1,0,0,0
5 000 000 ₽,9,"6,00%",292 133 ₽,2 292 000 ₽,"1,50%",,0,0,0,0,0,1,0,1,0,0,0,0,0,0,1,0,0,0,0,0,0,0
700 000 ₽,16,"4,82%",81 976 ₽,133 062 ₽,"10,00%",,0,0,0,0,0,1,0,1,0,0,0,0,0,0,0,0,0,0,0,0,0,0
700 000 ₽,14,"6,50%",67 681 ₽,197 560 ₽,"1,50%",,0,0,0,0,0,0,0,0,0,0,1,0,0,0,0,0,0,1,1,0,0,0
1 000 000 ₽,16,"6,50%",67 358 ₽,567 358 ₽,"1,50%",,0,0,1,0,1,0,0,0,0,0,0,0,0,0,0,0,0,0,0,0,0,0
500 000 ₽,11,"6,00%",30 492 ₽,334 355 ₽,"1,50%",,0,0,0,0,0,1,0,1,1,0,0,0,0,0,1,0,0,0,0,0,0,0
1 500 000 ₽,14,"8,30%",17 557 ₽,1 841 317 ₽,"40,00%",,0,1,0,0,1,1,0,0,0,1,1,0,1,1,1,1,0,0,1,0,0,0
1 000 000 ₽,13,"6,50%",61 566 ₽,561 566 ₽,"1,50%",,0,0,0,0,0,1,0,0,1,0,0,0,0,0,0,0,0,0,0,0,0,0
3 000 000 ₽,11,"5,00%",88 024 ₽,2 514 072 ₽,"1,50%",,0,0,1,0,1,0,0,0,0,0,0,0,0,0,0,0,0,0,0,0,0,0
4 530 000 ₽,16,"6,73%",101 473 ₽,4 650 154 ₽,"0,00%",,0,0,0,0,0,0,0,1,0,0,0,0,0,0,0,1,0,0,0,0,0,0
2 000 000 ₽,15,"6,50%",97 574 ₽,1 528 482 ₽,"1,50%",,0,0,1,0,0,0,0,1,1,0,0,0,0,0,1,1,0,0,1,0,0,0
3 000 000 ₽,17,"6,80%",83 062 ₽,3 206 436 ₽,"1,50%",,0,0,0,0,0,1,0,0,0,0,0,0,0,0,0,0,0,0,0,0,0,0
6 560 000 ₽,10,"5,30%",250 635 ₽,4 309 425 ₽,"1,50%",,0,0,0,0,0,1,0,0,1,0,0,0,0,0,0,0,0,0,0,0,0,0
2 844 671 ₽,14,"5,50%",233 514 ₽,1 064 981 ₽,"40,00%",,0,0,0,0,0,0,0,1,1,0,0,0,0,0,1,0,0,0,0,0,0,0
500 000 ₽,12,"5,50%",13 235 ₽,414 705 ₽,"1,50%",,0,0,0,0,0,0,0,0,1,0,0,0,0,0,1,0,0,0,0,0,0,0
5 000 000 ₽,13,"5,00%",276 999 ₽,1 805 166 ₽,"1,50%",,0,0,0,0,0,0,1,0,0,0,0,0,0,0,1,0,0,0,1,0,0,0